user_id,song_id,vote,lines
7,439,nolgbt_fobico,
7,539,nolgbt_fobico,
7,15,nolgbt_fobico,
7,113,nolgbt_fobico,
7,589,nolgbt_fobico,
7,275,nolgbt_fobico,
7,422,nolgbt_fobico,
7,169,nolgbt_fobico,
5,14,nolgbt_fobico,
5,383,nolgbt_fobico,
5,359,nolgbt_fobico,
5,406,nolgbt_fobico,
5,195,nolgbt_fobico,
5,226,nolgbt_fobico,
5,538,nolgbt_fobico,
5,212,nolgbt_fobico,
5,460,nolgbt_fobico,
5,75,nolgbt_fobico,
5,471,nolgbt_fobico,
5,122,nolgbt_fobico,
5,476,nolgbt_fobico,
5,315,nolgbt_fobico,
5,307,nolgbt_fobico,
5,425,nolgbt_fobico,
5,119,nolgbt_fobico,
5,145,nolgbt_fobico,
5,376,lgbt_fobico,"11,20,44,46,6,60"
5,143,nolgbt_fobico,
5,273,nolgbt_fobico,
5,285,nolgbt_fobico,
5,112,nolgbt_fobico,
5,473,nolgbt_fobico,
5,43,lgbt_fobico,"18,20,36,38,58,60"
5,500,nolgbt_fobico,
5,56,nolgbt_fobico,
5,21,lgbt_fobico,"10,11,12,16,17,18,19,2,23,24,25,26,3,30,31,32,33,37,38,39,4,40,5,9"
5,262,nolgbt_fobico,
5,4,nolgbt_fobico,
5,391,nolgbt_fobico,
5,144,nolgbt_fobico,
5,214,nolgbt_fobico,
5,241,nolgbt_fobico,
5,44,nolgbt_fobico,
5,50,nolgbt_fobico,
5,416,nolgbt_fobico,
5,37,lgbt_fobico,"13,30"
5,314,nolgbt_fobico,
5,274,nolgbt_fobico,
5,154,nolgbt_fobico,
5,492,nolgbt_fobico,
5,303,nolgbt_fobico,
5,600,lgbt_fobico,28
5,325,nolgbt_fobico,
5,400,nolgbt_fobico,
5,322,nolgbt_fobico,
5,282,nolgbt_fobico,
5,549,nolgbt_fobico,
5,556,nolgbt_fobico,
5,206,nolgbt_fobico,
5,228,nolgbt_fobico,
5,193,nolgbt_fobico,
5,123,nolgbt_fobico,
5,408,nolgbt_fobico,
5,276,nolgbt_fobico,
5,520,nolgbt_fobico,
5,146,nolgbt_fobico,
5,185,nolgbt_fobico,
5,199,nolgbt_fobico,
5,188,nolgbt_fobico,
5,442,nolgbt_fobico,
5,18,nolgbt_fobico,
5,164,nolgbt_fobico,
5,597,lgbt_fobico,"1,11,13,15,16,17,18,23,26,27,31,34,36,38,39,40,41,7,9"
5,202,nolgbt_fobico,
5,48,nolgbt_fobico,
5,428,nolgbt_fobico,
5,592,nolgbt_fobico,
5,124,nolgbt_fobico,
5,190,nolgbt_fobico,
5,161,nolgbt_fobico,
5,149,nolgbt_fobico,
5,350,nolgbt_fobico,
5,457,nolgbt_fobico,
16,80,nolgbt_fobico,
5,72,nolgbt_fobico,
5,546,nolgbt_fobico,
5,138,nolgbt_fobico,
5,61,nolgbt_fobico,
16,231,nolgbt_fobico,
16,174,nolgbt_fobico,
7,399,nolgbt_fobico,
7,242,nolgbt_fobico,
7,507,nolgbt_fobico,
7,375,nolgbt_fobico,
7,216,nolgbt_fobico,
17,449,nolgbt_fobico,
7,231,nolgbt_fobico,
7,377,nolgbt_fobico,
7,488,nolgbt_fobico,
7,99,nolgbt_fobico,
17,390,lgbt_fobico,"4,41,5"
7,536,nolgbt_fobico,
17,544,nolgbt_fobico,
7,491,nolgbt_fobico,
7,320,nolgbt_fobico,
17,262,nolgbt_fobico,
7,260,nolgbt_fobico,
17,203,nolgbt_fobico,
7,414,nolgbt_fobico,
7,523,nolgbt_fobico,
17,600,nolgbt_fobico,
7,427,nolgbt_fobico,
17,206,nolgbt_fobico,
17,391,nolgbt_fobico,
7,365,nolgbt_fobico,
17,433,nolgbt_fobico,
17,165,nolgbt_fobico,
7,296,nolgbt_fobico,
17,504,nolgbt_fobico,
7,599,lgbt_fobico,"106,107,108,109,22,23,24,25,36,37,48,5,59,60,61,62,71,78,79,80,81"
7,256,nolgbt_fobico,
7,590,nolgbt_fobico,
15,170,nolgbt_fobico,
15,413,lgbt_fobico,"26,4"
15,252,nolgbt_fobico,
15,499,nolgbt_fobico,
15,173,nolgbt_fobico,
15,13,nolgbt_fobico,
15,258,nolgbt_fobico,
15,362,nolgbt_fobico,
15,6,lgbt_fobico,"0,10,12,22,26,8"
15,225,nolgbt_fobico,
15,462,lgbt_fobico,"27,29,37,38,39,40"
15,561,nolgbt_fobico,
15,129,nolgbt_fobico,
15,298,nolgbt_fobico,
15,512,nolgbt_fobico,
15,485,nolgbt_fobico,
15,378,lgbt_fobico,"14,16,20,23,26,28,29,3,30,31,32,33,34,39,41,50,51,52,53,54,55,56,57,58,60,61,62,63,64,65,66,67,68,69,7,70,71,72,8"
15,469,lgbt_fobico,16
15,183,nolgbt_fobico,
15,176,nolgbt_fobico,
15,268,nolgbt_fobico,
15,108,nolgbt_fobico,
15,83,nolgbt_fobico,
15,128,nolgbt_fobico,
15,563,nolgbt_fobico,
15,238,nolgbt_fobico,
15,431,lgbt_fobico,"1,17,18,20,22"
15,309,nolgbt_fobico,
15,582,nolgbt_fobico,
15,62,nolgbt_fobico,
15,420,nolgbt_fobico,
15,478,lgbt_fobico,"12,19,22,27,3,8"
15,224,nolgbt_fobico,
15,159,nolgbt_fobico,
15,540,nolgbt_fobico,
15,465,lgbt_fobico,"34,81,82,85,88,89"
15,95,nolgbt_fobico,
15,28,nolgbt_fobico,
15,404,nolgbt_fobico,
15,19,lgbt_fobico,"100,101,103,12,14,16,18,19,30,31,32,34,37,39,45,47,49,51,52,64,65,71,74,76,82,84,86,88,89,97,98,99"
15,198,lgbt_fobico,31
15,65,nolgbt_fobico,
15,246,nolgbt_fobico,
15,93,nolgbt_fobico,
15,32,lgbt_fobico,"1,12,13,15,19,26,27,5"
15,52,nolgbt_fobico,
15,454,lgbt_fobico,"12,123,124,18,20,30"
15,33,nolgbt_fobico,
15,178,nolgbt_fobico,
15,7,nolgbt_fobico,
15,90,nolgbt_fobico,
15,535,nolgbt_fobico,
15,235,lgbt_fobico,8
15,304,nolgbt_fobico,
15,55,nolgbt_fobico,
15,559,nolgbt_fobico,
15,88,nolgbt_fobico,
15,490,nolgbt_fobico,
15,396,nolgbt_fobico,
15,312,nolgbt_fobico,
15,316,nolgbt_fobico,
16,379,lgbt_fobico,"24,25"
16,265,nolgbt_fobico,
16,414,nolgbt_fobico,
16,456,nolgbt_fobico,
16,288,nolgbt_fobico,
16,40,nolgbt_fobico,
16,217,nolgbt_fobico,
8,287,nolgbt_fobico,
8,375,nolgbt_fobico,
8,331,nolgbt_fobico,
8,244,nolgbt_fobico,
8,424,lgbt_fobico,"1,12,14,15,16,17,18,2,3,5,6,7,8,9"
8,591,nolgbt_fobico,
8,463,nolgbt_fobico,
16,36,lgbt_fobico,1
8,292,nolgbt_fobico,
16,284,nolgbt_fobico,
16,472,nolgbt_fobico,
8,210,nolgbt_fobico,
8,232,nolgbt_fobico,
16,342,nolgbt_fobico,
8,114,nolgbt_fobico,
8,302,nolgbt_fobico,
16,403,nolgbt_fobico,
8,5,lgbt_fobico,"10,21,22,23,24,38,39,40,41,43,6"
16,54,nolgbt_fobico,
16,487,nolgbt_fobico,
16,136,nolgbt_fobico,
16,502,nolgbt_fobico,
16,29,lgbt_fobico,"1,10,11,12,13,14,15,16,18,19,2,20,21,22,23,24,25,27,28,3,30,38,39,4,40,41,42,43,44,45,47,48,5,50,54,55,56,57,58,59,6,60,61,62,63,64,65,7,8,9"
8,440,nolgbt_fobico,
16,237,nolgbt_fobico,
16,542,nolgbt_fobico,
16,250,nolgbt_fobico,
16,418,nolgbt_fobico,
16,267,nolgbt_fobico,
16,375,nolgbt_fobico,
8,572,nolgbt_fobico,
8,503,nolgbt_fobico,
8,120,nolgbt_fobico,
8,172,nolgbt_fobico,
8,127,nolgbt_fobico,
8,481,nolgbt_fobico,
5,338,nolgbt_fobico,
5,401,nolgbt_fobico,
5,494,nolgbt_fobico,
8,387,lgbt_fobico,"27,29,30,31,32,34,35,36,37"
5,118,nolgbt_fobico,
5,243,nolgbt_fobico,
8,250,nolgbt_fobico,
5,329,nolgbt_fobico,
8,456,nolgbt_fobico,
5,53,lgbt_fobico,"12,13,18,20,30,33,35,46,48"
5,249,nolgbt_fobico,
5,578,nolgbt_fobico,
5,139,nolgbt_fobico,
8,583,nolgbt_fobico,
7,397,nolgbt_fobico,
8,507,nolgbt_fobico,
5,519,nolgbt_fobico,
8,283,nolgbt_fobico,
5,569,nolgbt_fobico,
7,311,nolgbt_fobico,
8,219,nolgbt_fobico,
5,87,lgbt_fobico,"1348,1458,1512,1515,1657,1727,1731,1753,1757,1781,1785,317,456,463,530,824"
8,136,nolgbt_fobico,
8,296,nolgbt_fobico,
8,374,lgbt_fobico,"46,47,48,49,50"
8,367,nolgbt_fobico,
8,242,nolgbt_fobico,
8,182,nolgbt_fobico,
8,15,nolgbt_fobico,
8,450,nolgbt_fobico,
8,218,nolgbt_fobico,
8,589,nolgbt_fobico,
8,482,nolgbt_fobico,
8,571,nolgbt_fobico,
8,73,nolgbt_fobico,
8,599,lgbt_fobico,"106,107,108,109,22,23,24,25,36,37,47,48,49,5,59,60,61,62,68,69,71,72,73,74,78,79,80,81,84,85,90,91,92,93"
5,436,nolgbt_fobico,
8,437,nolgbt_fobico,
5,412,nolgbt_fobico,
8,42,lgbt_fobico,"12,13,14,15,17,19,21,22,26,30,31,33,34,35,36,37,38,39,40,53,54,63,65,66,67,68,69,70,71"
5,279,nolgbt_fobico,
5,39,lgbt_fobico,"10,12,13,27,28,30,31,9"
8,169,nolgbt_fobico,
8,227,nolgbt_fobico,
8,368,lgbt_fobico,"28,32"
5,77,nolgbt_fobico,
5,317,nolgbt_fobico,
8,557,nolgbt_fobico,
5,270,nolgbt_fobico,
5,553,nolgbt_fobico,
8,405,lgbt_fobico,"1,10,14,15,36,39,42,43,44,46,6"
5,41,nolgbt_fobico,
8,231,nolgbt_fobico,
8,509,nolgbt_fobico,
8,12,nolgbt_fobico,
8,339,nolgbt_fobico,
8,271,nolgbt_fobico,
8,567,nolgbt_fobico,
8,365,nolgbt_fobico,
8,392,nolgbt_fobico,
8,91,nolgbt_fobico,
5,213,nolgbt_fobico,
8,355,nolgbt_fobico,
8,386,nolgbt_fobico,
7,481,nolgbt_fobico,
8,211,nolgbt_fobico,
7,218,nolgbt_fobico,
7,418,nolgbt_fobico,
5,187,nolgbt_fobico,
5,30,nolgbt_fobico,
5,135,nolgbt_fobico,
5,319,nolgbt_fobico,
5,209,nolgbt_fobico,
8,102,nolgbt_fobico,
8,565,nolgbt_fobico,
5,475,nolgbt_fobico,
8,36,nolgbt_fobico,
5,278,nolgbt_fobico,
8,265,nolgbt_fobico,
8,461,nolgbt_fobico,
7,5,nolgbt_fobico,
5,515,nolgbt_fobico,
5,398,nolgbt_fobico,
5,70,nolgbt_fobico,
5,588,nolgbt_fobico,
5,295,nolgbt_fobico,
5,545,nolgbt_fobico,
5,524,nolgbt_fobico,
5,181,nolgbt_fobico,
5,160,nolgbt_fobico,
7,450,nolgbt_fobico,
5,165,nolgbt_fobico,
5,192,nolgbt_fobico,
7,335,nolgbt_fobico,
5,517,nolgbt_fobico,
5,215,nolgbt_fobico,
5,299,nolgbt_fobico,
5,595,nolgbt_fobico,
5,289,nolgbt_fobico,
5,79,nolgbt_fobico,
5,550,nolgbt_fobico,
5,351,nolgbt_fobico,
5,327,nolgbt_fobico,
5,510,nolgbt_fobico,
5,17,nolgbt_fobico,
5,493,nolgbt_fobico,
5,361,nolgbt_fobico,
5,101,nolgbt_fobico,
5,419,nolgbt_fobico,
5,547,nolgbt_fobico,
5,430,nolgbt_fobico,
5,132,nolgbt_fobico,
5,453,nolgbt_fobico,
7,443,nolgbt_fobico,
5,22,nolgbt_fobico,
5,201,nolgbt_fobico,
5,337,nolgbt_fobico,
5,67,nolgbt_fobico,
5,313,nolgbt_fobico,
5,447,nolgbt_fobico,
5,529,nolgbt_fobico,
5,432,nolgbt_fobico,
5,448,nolgbt_fobico,
5,24,nolgbt_fobico,
5,495,nolgbt_fobico,
5,111,nolgbt_fobico,
5,247,nolgbt_fobico,
5,385,nolgbt_fobico,
5,433,nolgbt_fobico,
5,497,nolgbt_fobico,
5,156,nolgbt_fobico,
7,353,nolgbt_fobico,
7,356,nolgbt_fobico,
7,326,nolgbt_fobico,
7,239,nolgbt_fobico,
7,23,nolgbt_fobico,
7,207,nolgbt_fobico,
7,71,nolgbt_fobico,
7,583,nolgbt_fobico,
7,392,nolgbt_fobico,
17,595,nolgbt_fobico,
17,329,nolgbt_fobico,
17,526,nolgbt_fobico,
17,473,nolgbt_fobico,
17,359,nolgbt_fobico,
17,421,nolgbt_fobico,
17,17,nolgbt_fobico,
17,67,nolgbt_fobico,
17,279,nolgbt_fobico,
17,388,nolgbt_fobico,
17,277,nolgbt_fobico,
17,270,nolgbt_fobico,
17,532,nolgbt_fobico,
17,212,nolgbt_fobico,
17,193,nolgbt_fobico,
17,41,lgbt_fobico,"19,20,21,22,23,24,28,29,37,38,47,49,52,53"
17,11,nolgbt_fobico,
17,376,lgbt_fobico,"11,20,6"
7,496,nolgbt_fobico,
17,493,nolgbt_fobico,
7,74,nolgbt_fobico,
17,119,nolgbt_fobico,
17,547,nolgbt_fobico,
7,355,nolgbt_fobico,
17,517,nolgbt_fobico,
7,240,nolgbt_fobico,
7,236,nolgbt_fobico,
7,131,nolgbt_fobico,
7,91,nolgbt_fobico,
7,332,nolgbt_fobico,
7,227,nolgbt_fobico,
7,461,nolgbt_fobico,
7,477,nolgbt_fobico,
7,102,nolgbt_fobico,
6,216,nolgbt_fobico,
6,239,nolgbt_fobico,
6,523,nolgbt_fobico,
6,236,nolgbt_fobico,
6,571,nolgbt_fobico,
6,509,nolgbt_fobico,
6,180,nolgbt_fobico,
6,267,nolgbt_fobico,
6,573,nolgbt_fobico,
6,114,nolgbt_fobico,
6,439,nolgbt_fobico,
6,502,nolgbt_fobico,
6,424,nolgbt_fobico,
6,468,nolgbt_fobico,
5,532,nolgbt_fobico,
5,257,nolgbt_fobico,
5,505,nolgbt_fobico,
5,564,nolgbt_fobico,
5,281,nolgbt_fobico,
5,3,nolgbt_fobico,
5,11,nolgbt_fobico,
5,346,nolgbt_fobico,
5,35,lgbt_fobico,"11,7,8"
5,593,nolgbt_fobico,
5,390,nolgbt_fobico,
5,544,nolgbt_fobico,
5,449,nolgbt_fobico,
5,203,nolgbt_fobico,
5,306,nolgbt_fobico,
5,152,nolgbt_fobico,
5,421,nolgbt_fobico,
5,105,nolgbt_fobico,
5,189,nolgbt_fobico,
5,51,nolgbt_fobico,
5,82,nolgbt_fobico,
5,64,nolgbt_fobico,
5,78,nolgbt_fobico,
5,548,nolgbt_fobico,
5,388,nolgbt_fobico,
5,321,nolgbt_fobico,
5,470,nolgbt_fobico,
5,8,nolgbt_fobico,
5,464,nolgbt_fobico,
5,594,nolgbt_fobico,
5,280,nolgbt_fobico,
5,245,nolgbt_fobico,
5,455,nolgbt_fobico,
5,577,nolgbt_fobico,
5,587,nolgbt_fobico,
5,498,nolgbt_fobico,
5,97,nolgbt_fobico,
5,46,lgbt_fobico,6
5,504,nolgbt_fobico,
5,277,nolgbt_fobico,
5,141,nolgbt_fobico,
5,526,nolgbt_fobico,
5,179,nolgbt_fobico,
5,140,nolgbt_fobico,
7,283,nolgbt_fobico,
7,573,nolgbt_fobico,
7,263,nolgbt_fobico,
7,389,nolgbt_fobico,
7,57,nolgbt_fobico,
7,511,nolgbt_fobico,
7,424,nolgbt_fobico,
7,217,nolgbt_fobico,
7,509,nolgbt_fobico,
7,94,nolgbt_fobico,
7,482,nolgbt_fobico,
7,537,nolgbt_fobico,
7,29,lgbt_fobico,"10,11,12,15,16,18,19,20,21,22,23,24,25,27,3,30,4,47,50,54,55,56,57,58,59,60,61,62,63,64,65,7,8,9"
7,27,nolgbt_fobico,
7,344,nolgbt_fobico,
7,114,nolgbt_fobico,
7,172,nolgbt_fobico,
7,237,nolgbt_fobico,
7,210,nolgbt_fobico,
7,310,nolgbt_fobico,
7,441,nolgbt_fobico,
7,330,nolgbt_fobico,
7,468,nolgbt_fobico,
7,557,nolgbt_fobico,
7,211,nolgbt_fobico,
7,379,nolgbt_fobico,
7,100,nolgbt_fobico,
7,191,nolgbt_fobico,
7,340,nolgbt_fobico,
7,104,nolgbt_fobico,
7,415,nolgbt_fobico,
7,232,nolgbt_fobico,
7,575,nolgbt_fobico,
7,121,nolgbt_fobico,
7,367,nolgbt_fobico,
7,580,nolgbt_fobico,
7,255,nolgbt_fobico,
7,395,nolgbt_fobico,
7,531,nolgbt_fobico,
7,1,nolgbt_fobico,
7,133,nolgbt_fobico,
7,127,nolgbt_fobico,
7,438,nolgbt_fobico,
7,68,nolgbt_fobico,
7,542,nolgbt_fobico,
7,403,nolgbt_fobico,
7,373,nolgbt_fobico,
7,342,nolgbt_fobico,
7,117,nolgbt_fobico,
7,417,nolgbt_fobico,
7,472,nolgbt_fobico,
7,120,nolgbt_fobico,
7,271,nolgbt_fobico,
7,479,nolgbt_fobico,
7,456,nolgbt_fobico,
8,502,nolgbt_fobico,
8,113,nolgbt_fobico,
8,539,nolgbt_fobico,
8,272,nolgbt_fobico,
8,29,lgbt_fobico,"10,11,12,13,14,15,16,18,19,20,21,22,23,24,25,27,29,3,30,31,32,38,39,4,40,41,42,43,44,45,47,48,49,5,50,52,54,55,56,57,58,59,6,60,61,62,63,64,65,7,8,9"
8,16,nolgbt_fobico,
8,311,nolgbt_fobico,
8,373,nolgbt_fobico,
8,275,nolgbt_fobico,
8,288,nolgbt_fobico,
8,354,nolgbt_fobico,
8,260,nolgbt_fobico,
8,438,nolgbt_fobico,
8,488,nolgbt_fobico,
8,263,nolgbt_fobico,
8,284,nolgbt_fobico,
8,353,nolgbt_fobico,
8,47,nolgbt_fobico,
8,217,nolgbt_fobico,
8,452,nolgbt_fobico,
8,380,nolgbt_fobico,
8,326,nolgbt_fobico,
8,580,nolgbt_fobico,
8,216,nolgbt_fobico,
8,255,nolgbt_fobico,
8,541,nolgbt_fobico,
8,523,nolgbt_fobico,
8,487,nolgbt_fobico,
8,379,lgbt_fobico,"24,25"
8,130,nolgbt_fobico,
8,422,nolgbt_fobico,
8,575,nolgbt_fobico,
8,40,lgbt_fobico,"1,10,11,12,13,14,15,16,17,18,19,2,20,21,22,23,27,28,29,3,31,32,33,34,35,36,4,40,5,6,7,8,9"
8,74,nolgbt_fobico,
8,49,nolgbt_fobico,
8,537,nolgbt_fobico,
8,68,nolgbt_fobico,
8,403,lgbt_fobico,"34,35"
8,573,nolgbt_fobico,
8,94,nolgbt_fobico,
8,441,nolgbt_fobico,
8,38,nolgbt_fobico,
8,267,nolgbt_fobico,
8,2,nolgbt_fobico,
8,57,nolgbt_fobico,
8,320,nolgbt_fobico,
8,393,nolgbt_fobico,
8,104,nolgbt_fobico,
8,414,nolgbt_fobico,
8,568,nolgbt_fobico,
8,531,nolgbt_fobico,
8,342,nolgbt_fobico,
8,394,nolgbt_fobico,
8,516,nolgbt_fobico,
8,133,nolgbt_fobico,
8,467,nolgbt_fobico,
8,239,nolgbt_fobico,
8,333,nolgbt_fobico,
8,496,nolgbt_fobico,
8,256,nolgbt_fobico,
8,100,nolgbt_fobico,
8,1,nolgbt_fobico,
8,171,nolgbt_fobico,
8,117,nolgbt_fobico,
8,131,nolgbt_fobico,
8,259,nolgbt_fobico,
8,334,nolgbt_fobico,
8,121,nolgbt_fobico,
8,324,nolgbt_fobico,
8,54,nolgbt_fobico,
8,458,nolgbt_fobico,
16,211,nolgbt_fobico,
16,256,nolgbt_fobico,
16,287,nolgbt_fobico,
8,167,nolgbt_fobico,
8,341,nolgbt_fobico,
8,536,nolgbt_fobico,
8,344,nolgbt_fobico,
8,581,nolgbt_fobico,
8,590,nolgbt_fobico,
8,542,nolgbt_fobico,
8,330,nolgbt_fobico,
8,99,nolgbt_fobico,
16,523,nolgbt_fobico,
8,80,nolgbt_fobico,
8,251,nolgbt_fobico,
8,207,nolgbt_fobico,
8,427,nolgbt_fobico,
8,472,nolgbt_fobico,
8,585,nolgbt_fobico,
8,71,nolgbt_fobico,
8,530,nolgbt_fobico,
8,418,nolgbt_fobico,
8,377,nolgbt_fobico,
16,5,lgbt_fobico,"24,41,6"
8,237,nolgbt_fobico,
8,240,nolgbt_fobico,
8,369,nolgbt_fobico,
8,399,nolgbt_fobico,
8,155,nolgbt_fobico,
8,395,nolgbt_fobico,
8,266,nolgbt_fobico,
8,137,nolgbt_fobico,
8,310,nolgbt_fobico,
8,126,nolgbt_fobico,
8,293,nolgbt_fobico,
8,491,nolgbt_fobico,
8,511,nolgbt_fobico,
8,332,nolgbt_fobico,
8,468,nolgbt_fobico,
8,191,nolgbt_fobico,
8,236,nolgbt_fobico,
8,439,nolgbt_fobico,
16,503,nolgbt_fobico,
8,335,nolgbt_fobico,
8,477,nolgbt_fobico,
16,394,nolgbt_fobico,
8,397,nolgbt_fobico,
6,219,nolgbt_fobico,
6,47,lgbt_fobico,"16,36"
8,443,nolgbt_fobico,
8,23,nolgbt_fobico,
6,536,nolgbt_fobico,
8,513,nolgbt_fobico,
8,579,nolgbt_fobico,
8,220,nolgbt_fobico,
6,296,nolgbt_fobico,
6,227,nolgbt_fobico,
6,266,nolgbt_fobico,
16,365,nolgbt_fobico,
8,522,nolgbt_fobico,
6,507,nolgbt_fobico,
8,543,nolgbt_fobico,
8,356,nolgbt_fobico,
6,155,nolgbt_fobico,
8,340,nolgbt_fobico,
6,403,nolgbt_fobico,
8,328,nolgbt_fobico,
8,27,nolgbt_fobico,
8,180,nolgbt_fobico,
8,174,nolgbt_fobico,
8,358,nolgbt_fobico,
8,153,nolgbt_fobico,
8,528,nolgbt_fobico,
8,389,nolgbt_fobico,
6,332,nolgbt_fobico,
8,294,nolgbt_fobico,
6,29,lgbt_fobico,"1,10,11,12,13,14,15,16,18,19,2,20,21,22,23,24,25,27,28,29,3,30,38,39,4,40,41,42,43,44,45,47,48,49,5,50,51,52,54,55,56,57,58,59,6,60,61,62,63,64,65,7,8,9"
16,49,lgbt_fobico,"33,34,41,52"
8,415,nolgbt_fobico,
8,221,nolgbt_fobico,
8,371,lgbt_fobico,"13,14,15,16"
8,194,nolgbt_fobico,
6,311,nolgbt_fobico,
8,479,nolgbt_fobico,
8,417,nolgbt_fobico,
6,259,nolgbt_fobico,
6,461,nolgbt_fobico,
6,38,lgbt_fobico,"108,70,71,72"
16,255,nolgbt_fobico,
16,380,lgbt_fobico,"14,16,34,36"
16,331,nolgbt_fobico,
16,27,lgbt_fobico,"0,1,11,12,13,14,18,19,2,22,23,24,3,4,6,7"
16,91,nolgbt_fobico,
16,513,nolgbt_fobico,
16,585,nolgbt_fobico,
16,461,nolgbt_fobico,
16,424,nolgbt_fobico,
16,438,nolgbt_fobico,
16,468,nolgbt_fobico,
16,482,nolgbt_fobico,
16,373,lgbt_fobico,"37,38"
16,397,nolgbt_fobico,
16,311,nolgbt_fobico,
16,507,nolgbt_fobico,
16,171,nolgbt_fobico,
16,399,nolgbt_fobico,
16,395,nolgbt_fobico,
16,302,nolgbt_fobico,
16,169,nolgbt_fobico,
16,332,nolgbt_fobico,
16,271,nolgbt_fobico,
16,216,nolgbt_fobico,
16,580,nolgbt_fobico,
16,117,nolgbt_fobico,
16,294,nolgbt_fobico,
16,155,nolgbt_fobico,
16,172,nolgbt_fobico,
16,335,nolgbt_fobico,
16,573,nolgbt_fobico,
16,481,nolgbt_fobico,
16,369,nolgbt_fobico,
16,387,lgbt_fobico,"30,31,32"
17,138,nolgbt_fobico,
17,101,nolgbt_fobico,
3,592,nolgbt_fobico,
3,500,nolgbt_fobico,
17,282,nolgbt_fobico,
3,8,nolgbt_fobico,
17,48,lgbt_fobico,"43,54"
17,37,lgbt_fobico,30
17,145,nolgbt_fobico,
17,43,lgbt_fobico,"18,20,36,38,58"
17,313,nolgbt_fobico,
17,385,nolgbt_fobico,
17,322,nolgbt_fobico,
17,448,nolgbt_fobico,
3,21,lgbt_fobico,"10,16,17,18,2,23,24,3,30,31,37,38,9"
15,429,nolgbt_fobico,
17,4,nolgbt_fobico,
17,510,nolgbt_fobico,
15,151,nolgbt_fobico,
15,518,nolgbt_fobico,
17,87,lgbt_fobico,"1341,1343,1344,1421,168"
3,206,nolgbt_fobico,
15,20,nolgbt_fobico,
3,470,nolgbt_fobico,
3,145,nolgbt_fobico,
3,319,nolgbt_fobico,
15,483,nolgbt_fobico,
15,98,nolgbt_fobico,
3,132,nolgbt_fobico,
15,426,lgbt_fobico,5
15,409,lgbt_fobico,19
15,384,lgbt_fobico,"12,21,26,28,43,51,59"
15,223,nolgbt_fobico,
15,474,nolgbt_fobico,
3,124,nolgbt_fobico,
15,85,lgbt_fobico,"1,18,23,7"
15,486,nolgbt_fobico,
15,92,nolgbt_fobico,
15,370,nolgbt_fobico,
3,497,nolgbt_fobico,
15,60,nolgbt_fobico,
3,24,nolgbt_fobico,
15,506,nolgbt_fobico,
15,301,nolgbt_fobico,
3,549,nolgbt_fobico,
15,69,nolgbt_fobico,
15,586,nolgbt_fobico,
15,576,nolgbt_fobico,
15,103,nolgbt_fobico,
15,444,nolgbt_fobico,
3,141,nolgbt_fobico,
15,323,nolgbt_fobico,
15,162,nolgbt_fobico,
15,552,nolgbt_fobico,
15,596,lgbt_fobico,"10,15,17,19,20,21,22,23,24,28,33,35,43,44,47,55,57,61,62,72,74,76,77"
16,583,nolgbt_fobico,
16,516,nolgbt_fobico,
15,269,nolgbt_fobico,
15,347,nolgbt_fobico,
15,96,nolgbt_fobico,
15,352,nolgbt_fobico,
15,175,nolgbt_fobico,
16,334,nolgbt_fobico,
3,187,nolgbt_fobico,
15,551,nolgbt_fobico,
16,491,nolgbt_fobico,
15,134,nolgbt_fobico,
15,125,nolgbt_fobico,
15,560,nolgbt_fobico,
15,116,nolgbt_fobico,
15,508,lgbt_fobico,"0,6"
15,489,nolgbt_fobico,
16,210,nolgbt_fobico,
15,445,lgbt_fobico,35
16,232,nolgbt_fobico,
15,308,nolgbt_fobico,
3,546,nolgbt_fobico,
16,339,nolgbt_fobico,
15,166,nolgbt_fobico,
15,109,nolgbt_fobico,
3,391,nolgbt_fobico,
15,434,nolgbt_fobico,
15,150,nolgbt_fobico,
15,147,nolgbt_fobico,
3,307,nolgbt_fobico,
15,208,nolgbt_fobico,
3,494,nolgbt_fobico,
17,78,nolgbt_fobico,
3,545,nolgbt_fobico,
15,148,nolgbt_fobico,
3,526,nolgbt_fobico,
17,112,nolgbt_fobico,
15,197,nolgbt_fobico,
17,75,nolgbt_fobico,
15,349,nolgbt_fobico,
17,243,nolgbt_fobico,
15,521,nolgbt_fobico,
15,177,nolgbt_fobico,
3,82,nolgbt_fobico,
17,122,nolgbt_fobico,
15,480,nolgbt_fobico,
17,285,nolgbt_fobico,
15,106,nolgbt_fobico,
15,229,nolgbt_fobico,
15,364,nolgbt_fobico,
17,278,nolgbt_fobico,
3,495,nolgbt_fobico,
17,144,nolgbt_fobico,
15,234,nolgbt_fobico,
3,118,nolgbt_fobico,
15,158,nolgbt_fobico,
15,58,nolgbt_fobico,
17,594,nolgbt_fobico,
15,261,nolgbt_fobico,
17,214,nolgbt_fobico,
17,105,nolgbt_fobico,
15,196,nolgbt_fobico,
15,402,nolgbt_fobico,
15,558,nolgbt_fobico,
15,66,nolgbt_fobico,
15,286,nolgbt_fobico,
15,26,lgbt_fobico,"0,4"
3,412,nolgbt_fobico,
3,457,nolgbt_fobico,
15,534,nolgbt_fobico,
15,59,nolgbt_fobico,
15,200,nolgbt_fobico,
15,318,nolgbt_fobico,
15,360,nolgbt_fobico,
15,205,nolgbt_fobico,
15,89,nolgbt_fobico,
15,248,nolgbt_fobico,
15,566,nolgbt_fobico,
15,348,nolgbt_fobico,
15,466,nolgbt_fobico,
15,300,lgbt_fobico,"13,14,27,40"
3,202,nolgbt_fobico,
15,305,nolgbt_fobico,
3,215,nolgbt_fobico,
3,79,nolgbt_fobico,
15,290,nolgbt_fobico,
3,588,nolgbt_fobico,
3,44,nolgbt_fobico,
3,188,nolgbt_fobico,
3,303,nolgbt_fobico,
3,135,nolgbt_fobico,
3,37,lgbt_fobico,30
3,408,nolgbt_fobico,
17,471,nolgbt_fobico,
17,195,nolgbt_fobico,
17,22,nolgbt_fobico,
17,50,nolgbt_fobico,
17,519,nolgbt_fobico,
17,307,nolgbt_fobico,
17,24,nolgbt_fobico,
17,295,nolgbt_fobico,
17,500,nolgbt_fobico,
17,588,nolgbt_fobico,
17,70,nolgbt_fobico,
17,132,nolgbt_fobico,
17,314,nolgbt_fobico,
17,457,nolgbt_fobico,
17,492,nolgbt_fobico,
17,556,nolgbt_fobico,
17,327,nolgbt_fobico,
17,338,nolgbt_fobico,
17,306,nolgbt_fobico,
17,154,nolgbt_fobico,
17,475,nolgbt_fobico,
17,149,nolgbt_fobico,
17,192,nolgbt_fobico,
17,215,nolgbt_fobico,
17,321,nolgbt_fobico,
17,18,nolgbt_fobico,
17,257,nolgbt_fobico,
17,597,lgbt_fobico,"1,11,13,15,16,17,18,34,36,38,39,40,41,7,9"
17,53,nolgbt_fobico,
17,432,nolgbt_fobico,
17,21,lgbt_fobico,"16,17,18,19,2,23,24,25,26,36,37,9"
17,529,nolgbt_fobico,
17,315,nolgbt_fobico,
17,72,nolgbt_fobico,
17,545,nolgbt_fobico,
17,190,nolgbt_fobico,
17,273,nolgbt_fobico,
17,146,nolgbt_fobico,
17,494,nolgbt_fobico,
17,350,nolgbt_fobico,
17,569,nolgbt_fobico,
17,416,nolgbt_fobico,
3,449,nolgbt_fobico,
3,322,nolgbt_fobico,
3,594,nolgbt_fobico,
3,249,nolgbt_fobico,
3,192,nolgbt_fobico,
3,50,nolgbt_fobico,
3,262,nolgbt_fobico,
3,228,nolgbt_fobico,
3,578,nolgbt_fobico,
3,553,nolgbt_fobico,
3,195,nolgbt_fobico,
3,390,nolgbt_fobico,
3,245,nolgbt_fobico,
3,498,nolgbt_fobico,
3,577,nolgbt_fobico,
3,243,nolgbt_fobico,
3,419,nolgbt_fobico,
3,140,nolgbt_fobico,
3,149,nolgbt_fobico,
3,455,nolgbt_fobico,
3,548,nolgbt_fobico,
3,279,nolgbt_fobico,
3,289,nolgbt_fobico,
3,67,nolgbt_fobico,
3,520,nolgbt_fobico,
3,111,nolgbt_fobico,
3,442,nolgbt_fobico,
3,376,lgbt_fobico,6
3,51,nolgbt_fobico,
3,14,nolgbt_fobico,
3,359,nolgbt_fobico,
3,185,nolgbt_fobico,
3,299,nolgbt_fobico,
3,453,nolgbt_fobico,
3,277,nolgbt_fobico,
3,43,lgbt_fobico,"18,20,36,38,58,60"
3,313,nolgbt_fobico,
3,212,nolgbt_fobico,
3,350,nolgbt_fobico,
3,510,nolgbt_fobico,
3,338,nolgbt_fobico,
3,201,nolgbt_fobico,
3,515,nolgbt_fobico,
3,4,nolgbt_fobico,
3,550,nolgbt_fobico,
3,600,nolgbt_fobico,
3,39,nolgbt_fobico,
3,597,lgbt_fobico,"1,11,13,15,16,17,18,27,31,34,36,38,39,40,41,7,9"
3,11,nolgbt_fobico,
3,436,nolgbt_fobico,
3,226,nolgbt_fobico,
3,213,nolgbt_fobico,
3,285,nolgbt_fobico,
3,72,nolgbt_fobico,
3,428,nolgbt_fobico,
3,314,nolgbt_fobico,
3,203,nolgbt_fobico,
3,241,nolgbt_fobico,
3,504,nolgbt_fobico,
3,280,nolgbt_fobico,
3,282,nolgbt_fobico,
3,547,nolgbt_fobico,
3,317,nolgbt_fobico,
3,97,nolgbt_fobico,
3,78,nolgbt_fobico,
3,295,nolgbt_fobico,
3,87,nolgbt_fobico,
3,325,nolgbt_fobico,
6,255,nolgbt_fobico,
6,590,nolgbt_fobico,
6,334,nolgbt_fobico,
6,127,nolgbt_fobico,
6,265,nolgbt_fobico,
6,422,lgbt_fobico,"19,20,22"
6,393,lgbt_fobico,"10,11,12,13"
6,557,nolgbt_fobico,
6,342,nolgbt_fobico,
6,542,nolgbt_fobico,
6,294,nolgbt_fobico,
6,284,nolgbt_fobico,
6,472,nolgbt_fobico,
6,272,nolgbt_fobico,
6,287,nolgbt_fobico,
6,194,nolgbt_fobico,
6,567,nolgbt_fobico,
6,394,lgbt_fobico,"14,15,22,23,60,61"
6,40,lgbt_fobico,"10,23,24,25,4,5,7,8"
6,99,nolgbt_fobico,
6,531,nolgbt_fobico,
6,130,nolgbt_fobico,
6,1,nolgbt_fobico,
6,207,nolgbt_fobico,
6,353,nolgbt_fobico,
6,12,nolgbt_fobico,
6,543,nolgbt_fobico,
17,79,nolgbt_fobico,
6,80,nolgbt_fobico,
17,520,nolgbt_fobico,
17,460,nolgbt_fobico,
6,373,nolgbt_fobico,
6,374,lgbt_fobico,"25,26,48"
17,201,nolgbt_fobico,
17,401,nolgbt_fobico,
17,587,nolgbt_fobico,
6,330,nolgbt_fobico,
6,399,nolgbt_fobico,
17,428,nolgbt_fobico,
6,482,nolgbt_fobico,
17,156,nolgbt_fobico,
6,511,nolgbt_fobico,
17,592,nolgbt_fobico,
6,377,nolgbt_fobico,
17,181,nolgbt_fobico,
17,470,nolgbt_fobico,
6,477,nolgbt_fobico,
6,121,nolgbt_fobico,
6,260,nolgbt_fobico,
6,256,nolgbt_fobico,
17,249,nolgbt_fobico,
6,104,nolgbt_fobico,
6,530,nolgbt_fobico,
17,77,nolgbt_fobico,
6,167,nolgbt_fobico,
17,39,nolgbt_fobico,
6,169,nolgbt_fobico,
17,497,nolgbt_fobico,
6,91,nolgbt_fobico,
17,123,nolgbt_fobico,
6,217,nolgbt_fobico,
6,74,nolgbt_fobico,
17,546,nolgbt_fobico,
17,436,nolgbt_fobico,
6,283,nolgbt_fobico,
6,340,nolgbt_fobico,
6,5,lgbt_fobico,"38,39,40,41"
17,455,nolgbt_fobico,
17,498,nolgbt_fobico,
17,274,nolgbt_fobico,
6,15,nolgbt_fobico,
6,117,nolgbt_fobico,
6,414,nolgbt_fobico,
17,30,nolgbt_fobico,
6,513,nolgbt_fobico,
17,152,nolgbt_fobico,
17,179,nolgbt_fobico,
17,202,nolgbt_fobico,
17,3,nolgbt_fobico,
7,272,nolgbt_fobico,
7,284,nolgbt_fobico,
7,167,nolgbt_fobico,
7,393,nolgbt_fobico,
7,294,nolgbt_fobico,
7,221,nolgbt_fobico,
7,405,nolgbt_fobico,
7,302,nolgbt_fobico,
7,182,nolgbt_fobico,
7,155,nolgbt_fobico,
7,339,nolgbt_fobico,
7,452,nolgbt_fobico,
7,516,nolgbt_fobico,
7,369,nolgbt_fobico,
7,171,nolgbt_fobico,
7,458,nolgbt_fobico,
7,380,nolgbt_fobico,
7,54,nolgbt_fobico,
7,513,nolgbt_fobico,
7,126,nolgbt_fobico,
7,293,nolgbt_fobico,
7,16,nolgbt_fobico,
7,288,nolgbt_fobico,
7,581,nolgbt_fobico,
7,130,nolgbt_fobico,
7,266,nolgbt_fobico,
7,591,nolgbt_fobico,
7,394,nolgbt_fobico,
7,136,nolgbt_fobico,
7,80,nolgbt_fobico,
3,70,nolgbt_fobico,
3,48,nolgbt_fobico,
3,519,nolgbt_fobico,
3,464,nolgbt_fobico,
3,112,nolgbt_fobico,
3,257,nolgbt_fobico,
3,406,nolgbt_fobico,
3,471,nolgbt_fobico,
3,529,nolgbt_fobico,
3,432,nolgbt_fobico,
3,17,nolgbt_fobico,
16,358,nolgbt_fobico,
3,475,nolgbt_fobico,
16,71,nolgbt_fobico,
16,120,nolgbt_fobico,
3,199,nolgbt_fobico,
16,467,nolgbt_fobico,
16,12,nolgbt_fobico,
16,415,nolgbt_fobico,
16,581,nolgbt_fobico,
16,355,nolgbt_fobico,
16,263,nolgbt_fobico,
3,214,nolgbt_fobico,
3,101,nolgbt_fobico,
16,113,nolgbt_fobico,
3,161,nolgbt_fobico,
3,329,nolgbt_fobico,
3,119,nolgbt_fobico,
3,595,nolgbt_fobico,
3,383,nolgbt_fobico,
16,422,lgbt_fobico,25
3,165,nolgbt_fobico,
3,556,nolgbt_fobico,
3,315,nolgbt_fobico,
16,333,nolgbt_fobico,
3,538,nolgbt_fobico,
3,22,nolgbt_fobico,
3,505,nolgbt_fobico,
3,179,nolgbt_fobico,
3,274,nolgbt_fobico,
3,351,nolgbt_fobico,
16,496,nolgbt_fobico,
3,398,nolgbt_fobico,
16,324,nolgbt_fobico,
15,81,lgbt_fobico,"102,60,63"
16,543,nolgbt_fobico,
16,531,nolgbt_fobico,
16,218,nolgbt_fobico,
15,10,nolgbt_fobico,
15,527,nolgbt_fobico,
16,417,nolgbt_fobico,
15,554,nolgbt_fobico,
15,233,nolgbt_fobico,
15,230,nolgbt_fobico,
15,253,nolgbt_fobico,
15,142,nolgbt_fobico,
16,99,nolgbt_fobico,
15,525,nolgbt_fobico,
15,31,lgbt_fobico,"11,13,21,25,27,29,3,31,8"
15,9,nolgbt_fobico,
15,204,nolgbt_fobico,
15,264,nolgbt_fobico,
15,363,nolgbt_fobico,
16,371,lgbt_fobico,13
15,570,nolgbt_fobico,
15,186,nolgbt_fobico,
15,297,nolgbt_fobico,
15,84,nolgbt_fobico,
16,38,lgbt_fobico,"1,45,53"
15,45,lgbt_fobico,"35,37,38,40,42,76,77"
15,163,nolgbt_fobico,
15,562,nolgbt_fobico,
15,382,lgbt_fobico,"10,22"
15,407,nolgbt_fobico,
15,381,lgbt_fobico,"48,49,50"
15,336,nolgbt_fobico,
15,372,lgbt_fobico,"22,40,41"
15,423,lgbt_fobico,"1,25,27,4,5"
15,76,nolgbt_fobico,
15,25,nolgbt_fobico,
16,341,nolgbt_fobico,
16,392,lgbt_fobico,23
15,574,nolgbt_fobico,
15,184,lgbt_fobico,"12,13,49,50,59,60"
15,34,lgbt_fobico,"13,18,2,20,22,27,29,3,31,33,35,38,40,5,6"
16,283,nolgbt_fobico,
16,100,nolgbt_fobico,
15,459,nolgbt_fobico,
15,533,nolgbt_fobico,
15,254,nolgbt_fobico,
15,345,nolgbt_fobico,
15,555,nolgbt_fobico,
15,115,nolgbt_fobico,
15,86,lgbt_fobico,"100,101,108,109,19,20"
15,107,nolgbt_fobico,
15,110,nolgbt_fobico,
15,168,nolgbt_fobico,
15,357,nolgbt_fobico,
15,484,nolgbt_fobico,
15,435,lgbt_fobico,"10,4,7,8"
15,584,nolgbt_fobico,
15,514,nolgbt_fobico,
15,598,lgbt_fobico,"21,22,23,24,34"
15,411,nolgbt_fobico,
15,501,nolgbt_fobico,
15,157,nolgbt_fobico,
15,446,nolgbt_fobico,
15,451,lgbt_fobico,"10,14,15,16,21,24,26,36,44,45,48,5,50,51,52,8"
15,63,nolgbt_fobico,
15,410,nolgbt_fobico,
15,366,nolgbt_fobico,
15,291,nolgbt_fobico,
15,343,nolgbt_fobico,
15,222,nolgbt_fobico,
17,549,nolgbt_fobico,
17,425,nolgbt_fobico,
17,398,nolgbt_fobico,
17,189,nolgbt_fobico,
17,299,nolgbt_fobico,
17,548,nolgbt_fobico,
17,495,nolgbt_fobico,
17,209,nolgbt_fobico,
17,361,nolgbt_fobico,
17,118,nolgbt_fobico,
17,538,nolgbt_fobico,
17,161,nolgbt_fobico,
17,188,nolgbt_fobico,
17,325,nolgbt_fobico,
17,14,nolgbt_fobico,
17,400,lgbt_fobico,18
3,144,nolgbt_fobico,
17,442,nolgbt_fobico,
17,97,nolgbt_fobico,
17,564,nolgbt_fobico,
3,401,nolgbt_fobico,
17,383,nolgbt_fobico,
3,105,nolgbt_fobico,
3,75,nolgbt_fobico,
17,143,nolgbt_fobico,
17,164,nolgbt_fobico,
3,41,lgbt_fobico,"20,22,24,29,34,38,53,57,61"
17,524,nolgbt_fobico,
17,280,nolgbt_fobico,
3,493,nolgbt_fobico,
3,61,nolgbt_fobico,
3,593,nolgbt_fobico,
3,273,nolgbt_fobico,
3,30,nolgbt_fobico,
3,460,nolgbt_fobico,
3,139,nolgbt_fobico,
3,400,nolgbt_fobico,
3,281,nolgbt_fobico,
3,276,nolgbt_fobico,
3,388,nolgbt_fobico,
3,160,nolgbt_fobico,
3,425,nolgbt_fobico,
3,46,lgbt_fobico,6
3,569,nolgbt_fobico,
3,53,lgbt_fobico,"13,18,20,30,33,35,46,48"
3,544,nolgbt_fobico,
3,587,nolgbt_fobico,
3,476,nolgbt_fobico,
3,146,nolgbt_fobico,
3,35,lgbt_fobico,"18,7,8"
3,337,nolgbt_fobico,
3,517,nolgbt_fobico,
3,189,nolgbt_fobico,
3,164,nolgbt_fobico,
3,524,nolgbt_fobico,
3,190,nolgbt_fobico,
3,532,nolgbt_fobico,
3,152,nolgbt_fobico,
3,421,nolgbt_fobico,
3,564,nolgbt_fobico,
3,346,nolgbt_fobico,
3,64,nolgbt_fobico,
3,447,nolgbt_fobico,
3,143,nolgbt_fobico,
3,123,nolgbt_fobico,
3,154,nolgbt_fobico,
3,327,nolgbt_fobico,
3,361,nolgbt_fobico,
3,278,nolgbt_fobico,
3,433,nolgbt_fobico,
3,247,nolgbt_fobico,
3,385,nolgbt_fobico,
3,18,nolgbt_fobico,
3,270,nolgbt_fobico,
3,492,nolgbt_fobico,
3,321,nolgbt_fobico,
3,181,nolgbt_fobico,
3,193,nolgbt_fobico,
3,122,nolgbt_fobico,
3,77,nolgbt_fobico,
3,209,nolgbt_fobico,
3,3,nolgbt_fobico,
3,306,nolgbt_fobico,
3,56,nolgbt_fobico,
3,430,nolgbt_fobico,
3,416,nolgbt_fobico,
3,473,nolgbt_fobico,
3,448,nolgbt_fobico,
3,138,nolgbt_fobico,
3,156,nolgbt_fobico,
14,151,nolgbt_fobico,
14,248,nolgbt_fobico,
14,312,nolgbt_fobico,
14,107,nolgbt_fobico,
14,574,nolgbt_fobico,
14,347,lgbt_fobico,"1,11,13,18,2,21,23,25,29,30,31,39,41,53,57,59,61"
14,596,lgbt_fobico,"10,19,20,21,22,23,24,25,26,27,28,29,30,33,35,38,39,4,44,64,76,77,78,79,80"
14,431,lgbt_fobico,"10,11,20,21,22,23,8,9"
14,6,lgbt_fobico,"0,1,10,11,12,16,18,19,20,21,22,23,24,25,26,27,28,29,3,4,5,6,7,8,9"
14,345,lgbt_fobico,"12,13,14,15,16,17,26,30,31,32,33,7,8"
14,445,lgbt_fobico,"1,12,13,14,15,17,18,19,2,20,23,24,25,3,37,4,45,46,47,48,49,50,54,55,56,57,58,59,61,63,64,65,66,67,7"
14,410,nolgbt_fobico,
14,360,nolgbt_fobico,
14,93,nolgbt_fobico,
14,230,nolgbt_fobico,
14,506,nolgbt_fobico,
14,484,nolgbt_fobico,
14,108,nolgbt_fobico,
14,33,nolgbt_fobico,
14,184,lgbt_fobico,"12,13,14,3,49,50,59,60,8"
14,352,nolgbt_fobico,
14,474,nolgbt_fobico,
14,348,nolgbt_fobico,
14,554,nolgbt_fobico,
14,402,nolgbt_fobico,
14,362,lgbt_fobico,"0,4,5"
14,478,nolgbt_fobico,
14,381,lgbt_fobico,"11,12,50,52,55,59,8,9"
14,462,nolgbt_fobico,
14,163,nolgbt_fobico,
14,106,nolgbt_fobico,
14,323,nolgbt_fobico,
14,32,lgbt_fobico,"1,12,13,15,26,27,5"
14,235,lgbt_fobico,"10,18,3,4,7,8"
14,157,nolgbt_fobico,
14,586,nolgbt_fobico,
14,534,nolgbt_fobico,
14,150,nolgbt_fobico,
14,560,nolgbt_fobico,
14,566,nolgbt_fobico,
14,446,lgbt_fobico,"18,20,31,33,35,37,44,46,48,5,50,52,6,7"
14,576,nolgbt_fobico,
14,396,lgbt_fobico,"22,37,39,41,43"
2,455,nolgbt_fobico,
14,254,lgbt_fobico,"23,7"
14,168,nolgbt_fobico,
14,584,nolgbt_fobico,
14,268,lgbt_fobico,"11,12,21,22,8,9"
14,269,nolgbt_fobico,
14,166,nolgbt_fobico,
2,433,nolgbt_fobico,
14,115,nolgbt_fobico,
14,264,nolgbt_fobico,
14,521,nolgbt_fobico,
2,447,nolgbt_fobico,
14,116,nolgbt_fobico,
14,200,nolgbt_fobico,
2,299,nolgbt_fobico,
14,19,lgbt_fobico,"19,24,27,28,29,30,31,32,33,34,35,37,38,39,40,6"
14,89,nolgbt_fobico,
14,66,nolgbt_fobico,
14,297,nolgbt_fobico,
14,308,nolgbt_fobico,
14,233,nolgbt_fobico,
14,7,lgbt_fobico,"10,11,12,13,2,25,26,27,28,29,30,31,34,35,36,37,38,39,4,40,41,42,43,44,45,9"
14,234,nolgbt_fobico,
14,173,nolgbt_fobico,
14,62,nolgbt_fobico,
14,258,nolgbt_fobico,
14,423,lgbt_fobico,"1,10,11,12,14,15,16,17,2,3,4,5,6,7,8,9"
14,20,lgbt_fobico,"12,14,15,18,19,20,24,25,26,27,31,32,33,36,37,38,39,42,43,44,45,48,49,50,51,54,55,56,57,6,7,8,9"
14,98,nolgbt_fobico,
14,309,nolgbt_fobico,
14,176,nolgbt_fobico,
14,252,nolgbt_fobico,
14,58,nolgbt_fobico,
14,489,nolgbt_fobico,
14,162,nolgbt_fobico,
14,298,nolgbt_fobico,
14,551,nolgbt_fobico,
14,28,nolgbt_fobico,
14,305,nolgbt_fobico,
14,370,nolgbt_fobico,
14,490,nolgbt_fobico,
14,223,lgbt_fobico,"11,12,13,14,15,16,17,18,19,20,21"
14,525,nolgbt_fobico,
14,83,lgbt_fobico,"2,3,35,36,37,38,4,5,6,7,8"
14,34,lgbt_fobico,"1,13,14,15,16,17,18,19,2,20,21,22,23,27,28,29,3,30,31,38,39,4,40,5,6,7,8,9"
14,65,lgbt_fobico,"10,11,12,13,14,15,2,3,4,41,42,43,44,5,6,7,8,9"
14,224,lgbt_fobico,"1,14,15,16,17,2,3,4,5"
14,501,nolgbt_fobico,
14,9,nolgbt_fobico,
14,110,lgbt_fobico,"13,14,15,5,6,7,8,9"
14,316,nolgbt_fobico,
14,198,nolgbt_fobico,
14,246,nolgbt_fobico,
14,55,lgbt_fobico,"37,38,39,40,41,42,43,44,45"
14,378,lgbt_fobico,"11,12,14,15,16,17,18,19,20,21,22,23,24,25,26,28,29,30,31,32,33,34,36,37,38,39,40,41,42,43,44,51,52,53,54,55,56,57,58,6,61,62,63,64,65,66,67,68,69,7,70,71,72,8"
7,503,nolgbt_fobico,
7,12,nolgbt_fobico,
7,467,nolgbt_fobico,
7,530,nolgbt_fobico,
7,565,nolgbt_fobico,
7,153,nolgbt_fobico,
7,487,nolgbt_fobico,
2,243,nolgbt_fobico,
2,101,nolgbt_fobico,
7,73,nolgbt_fobico,
7,328,nolgbt_fobico,
7,571,nolgbt_fobico,
7,334,nolgbt_fobico,
7,220,nolgbt_fobico,
7,267,nolgbt_fobico,
7,38,nolgbt_fobico,
7,331,nolgbt_fobico,
7,541,nolgbt_fobico,
7,358,nolgbt_fobico,
7,40,lgbt_fobico,"39,4,40,41,5,6,7"
7,522,nolgbt_fobico,
7,374,lgbt_fobico,48
7,250,nolgbt_fobico,
7,387,nolgbt_fobico,
7,251,nolgbt_fobico,
7,463,nolgbt_fobico,
7,287,nolgbt_fobico,
7,568,nolgbt_fobico,
7,265,nolgbt_fobico,
7,42,nolgbt_fobico,
7,437,lgbt_fobico,7
7,354,nolgbt_fobico,
7,386,nolgbt_fobico,
2,278,nolgbt_fobico,
2,146,nolgbt_fobico,
2,600,lgbt_fobico,28
2,215,nolgbt_fobico,
17,135,nolgbt_fobico,
17,406,nolgbt_fobico,
17,464,nolgbt_fobico,
17,226,nolgbt_fobico,
17,247,nolgbt_fobico,
17,578,nolgbt_fobico,
17,185,nolgbt_fobico,
17,289,nolgbt_fobico,
14,469,nolgbt_fobico,
17,550,nolgbt_fobico,
17,553,nolgbt_fobico,
17,64,nolgbt_fobico,
17,577,nolgbt_fobico,
17,44,nolgbt_fobico,
17,419,nolgbt_fobico,
17,303,nolgbt_fobico,
17,505,nolgbt_fobico,
17,56,nolgbt_fobico,
17,447,nolgbt_fobico,
14,372,lgbt_fobico,"22,29,32,33,40,41"
14,407,nolgbt_fobico,
14,508,lgbt_fobico,"5,6"
14,238,nolgbt_fobico,
14,384,lgbt_fobico,"12,26,28,43,51,59"
17,8,nolgbt_fobico,
14,76,lgbt_fobico,"1,11,12,13,14,15,16,2,22,23,24,25,26,27,28,3,34,35,36,37,38,39,4,40,41,8,9"
17,276,nolgbt_fobico,
17,337,nolgbt_fobico,
17,430,nolgbt_fobico,
17,124,nolgbt_fobico,
17,476,nolgbt_fobico,
17,35,lgbt_fobico,"0,1,10,11,12,13,14,15,16,17,18,2,3,4,5,6,7,8,9"
17,408,nolgbt_fobico,
17,228,nolgbt_fobico,
17,281,nolgbt_fobico,
14,26,lgbt_fobico,"0,1,2,4"
17,351,nolgbt_fobico,
17,199,nolgbt_fobico,
14,95,nolgbt_fobico,
14,177,nolgbt_fobico,
17,141,nolgbt_fobico,
17,346,nolgbt_fobico,
17,160,nolgbt_fobico,
14,158,lgbt_fobico,"32,33,34,35"
17,187,nolgbt_fobico,
17,593,nolgbt_fobico,
14,382,nolgbt_fobico,
17,245,nolgbt_fobico,
14,197,nolgbt_fobico,
14,205,nolgbt_fobico,
14,103,lgbt_fobico,"160,161,162,163,164"
17,241,nolgbt_fobico,
17,139,nolgbt_fobico,
17,82,nolgbt_fobico,
14,85,lgbt_fobico,"1,18,2,22,23,24,25,3,34,7,8,9"
17,515,nolgbt_fobico,
17,61,nolgbt_fobico,
17,213,nolgbt_fobico,
17,51,nolgbt_fobico,
17,46,lgbt_fobico,6
17,412,nolgbt_fobico,
14,25,nolgbt_fobico,
14,570,nolgbt_fobico,
14,134,nolgbt_fobico,
14,404,nolgbt_fobico,
17,111,nolgbt_fobico,
17,317,nolgbt_fobico,
17,140,nolgbt_fobico,
14,552,nolgbt_fobico,
17,319,nolgbt_fobico,
17,453,nolgbt_fobico,
14,148,nolgbt_fobico,
14,357,nolgbt_fobico,
14,533,lgbt_fobico,"23,24,25,26"
14,318,lgbt_fobico,"1,10,11,2,3,5,6,7,9"
14,170,nolgbt_fobico,
14,540,nolgbt_fobico,
14,183,nolgbt_fobico,
14,363,nolgbt_fobico,
14,290,nolgbt_fobico,
14,109,nolgbt_fobico,
14,10,lgbt_fobico,"15,16,24,25,26,35,41,9"
2,18,nolgbt_fobico,
14,52,lgbt_fobico,"15,3,35,4,42,5,6,7,8,9"
14,208,nolgbt_fobico,
14,222,nolgbt_fobico,
14,253,nolgbt_fobico,
14,466,nolgbt_fobico,
14,86,nolgbt_fobico,
2,46,lgbt_fobico,6
2,21,lgbt_fobico,"10,16,17,18,19,2,23,24,3,31,37,38,39,9"
14,142,lgbt_fobico,"1,13,14,15,16,2,22,27,28,29,30,41,42,43,44,45,46,47,48"
2,436,nolgbt_fobico,
14,527,nolgbt_fobico,
14,444,nolgbt_fobico,
14,582,lgbt_fobico,12
14,563,nolgbt_fobico,
14,366,nolgbt_fobico,
14,483,nolgbt_fobico,
14,96,nolgbt_fobico,
14,31,lgbt_fobico,"13,14,18,25,27,29,31,7,8,9"
14,512,nolgbt_fobico,
14,301,nolgbt_fobico,
14,485,nolgbt_fobico,
14,409,nolgbt_fobico,
14,13,nolgbt_fobico,
14,196,nolgbt_fobico,
14,343,nolgbt_fobico,
14,336,nolgbt_fobico,
14,159,nolgbt_fobico,
14,561,nolgbt_fobico,
14,451,lgbt_fobico,"10,11,24,25,26,41,43,51,52,54,8,9"
14,486,nolgbt_fobico,
2,56,nolgbt_fobico,
2,188,nolgbt_fobico,
2,145,nolgbt_fobico,
2,578,nolgbt_fobico,
2,350,nolgbt_fobico,
2,64,nolgbt_fobico,
2,430,nolgbt_fobico,
2,41,lgbt_fobico,"27,28,29,33,34"
2,314,nolgbt_fobico,
2,464,lgbt_fobico,284
2,473,nolgbt_fobico,
12,90,nolgbt_fobico,
12,559,nolgbt_fobico,
12,83,nolgbt_fobico,
12,183,nolgbt_fobico,
12,518,nolgbt_fobico,
12,454,nolgbt_fobico,
12,95,nolgbt_fobico,
12,485,nolgbt_fobico,
12,170,nolgbt_fobico,
12,106,nolgbt_fobico,
12,196,nolgbt_fobico,
12,286,nolgbt_fobico,
12,535,nolgbt_fobico,
12,370,nolgbt_fobico,
12,108,nolgbt_fobico,
12,66,nolgbt_fobico,
12,86,nolgbt_fobico,
12,300,nolgbt_fobico,
12,69,nolgbt_fobico,
12,451,lgbt_fobico,"21,22,24,44,45,46,47,48,5,52,55,8"
12,129,nolgbt_fobico,
12,176,nolgbt_fobico,
12,348,nolgbt_fobico,
12,252,nolgbt_fobico,
12,413,nolgbt_fobico,
12,264,nolgbt_fobico,
12,486,nolgbt_fobico,
12,85,nolgbt_fobico,
12,222,nolgbt_fobico,
12,92,nolgbt_fobico,
12,558,nolgbt_fobico,
12,248,nolgbt_fobico,
12,246,nolgbt_fobico,
12,109,nolgbt_fobico,
12,381,nolgbt_fobico,
12,229,nolgbt_fobico,
12,96,nolgbt_fobico,
12,151,nolgbt_fobico,
12,60,nolgbt_fobico,
12,28,nolgbt_fobico,
12,384,nolgbt_fobico,
12,269,nolgbt_fobico,
12,584,nolgbt_fobico,
12,382,nolgbt_fobico,
12,533,nolgbt_fobico,
12,552,nolgbt_fobico,
12,562,nolgbt_fobico,
12,178,nolgbt_fobico,
12,445,nolgbt_fobico,
12,33,nolgbt_fobico,
12,301,nolgbt_fobico,
12,177,nolgbt_fobico,
2,123,nolgbt_fobico,
2,195,nolgbt_fobico,
2,135,nolgbt_fobico,
2,17,nolgbt_fobico,
2,273,nolgbt_fobico,
2,588,nolgbt_fobico,
2,520,nolgbt_fobico,
2,556,nolgbt_fobico,
2,470,nolgbt_fobico,
2,307,nolgbt_fobico,
2,152,nolgbt_fobico,
2,553,nolgbt_fobico,
2,132,nolgbt_fobico,
2,48,nolgbt_fobico,
2,3,nolgbt_fobico,
2,193,nolgbt_fobico,
2,143,nolgbt_fobico,
2,161,nolgbt_fobico,
2,317,nolgbt_fobico,
2,547,nolgbt_fobico,
2,351,nolgbt_fobico,
2,515,nolgbt_fobico,
2,124,nolgbt_fobico,
2,408,nolgbt_fobico,
2,112,nolgbt_fobico,
2,329,nolgbt_fobico,
2,212,nolgbt_fobico,
2,494,nolgbt_fobico,
2,280,nolgbt_fobico,
2,247,nolgbt_fobico,
2,245,nolgbt_fobico,
2,189,nolgbt_fobico,
2,519,nolgbt_fobico,
2,315,nolgbt_fobico,
2,448,nolgbt_fobico,
2,79,nolgbt_fobico,
2,53,lgbt_fobico,"13,30"
16,479,nolgbt_fobico,
16,239,nolgbt_fobico,
16,259,nolgbt_fobico,
16,452,nolgbt_fobico,
16,180,nolgbt_fobico,
16,443,nolgbt_fobico,
16,522,nolgbt_fobico,
16,137,nolgbt_fobico,
16,194,nolgbt_fobico,
16,16,nolgbt_fobico,
16,440,nolgbt_fobico,
16,42,lgbt_fobico,"14,19,30"
16,127,nolgbt_fobico,
6,136,nolgbt_fobico,
6,467,nolgbt_fobico,
6,591,nolgbt_fobico,
6,389,nolgbt_fobico,
6,443,nolgbt_fobico,
6,171,nolgbt_fobico,
6,126,nolgbt_fobico,
6,182,nolgbt_fobico,
6,133,nolgbt_fobico,
6,42,lgbt_fobico,"15,19,30,31,61,63"
6,113,nolgbt_fobico,
6,516,nolgbt_fobico,
6,54,nolgbt_fobico,
6,580,nolgbt_fobico,
6,341,nolgbt_fobico,
6,375,nolgbt_fobico,
6,293,nolgbt_fobico,
6,437,lgbt_fobico,"31,35"
6,358,nolgbt_fobico,
6,568,nolgbt_fobico,
6,310,nolgbt_fobico,
6,94,nolgbt_fobico,
6,481,nolgbt_fobico,
6,100,nolgbt_fobico,
6,463,nolgbt_fobico,
6,452,nolgbt_fobico,
6,583,nolgbt_fobico,
6,440,lgbt_fobico,10
6,73,nolgbt_fobico,
6,231,nolgbt_fobico,
6,16,nolgbt_fobico,
6,331,nolgbt_fobico,
6,395,nolgbt_fobico,
6,369,nolgbt_fobico,
6,539,nolgbt_fobico,
6,503,nolgbt_fobico,
6,271,nolgbt_fobico,
6,528,nolgbt_fobico,
6,354,nolgbt_fobico,
6,288,nolgbt_fobico,
6,371,lgbt_fobico,"13,15"
6,565,nolgbt_fobico,
6,427,nolgbt_fobico,
6,418,nolgbt_fobico,
6,27,nolgbt_fobico,
6,386,lgbt_fobico,"31,32"
6,589,nolgbt_fobico,
6,417,nolgbt_fobico,
6,581,nolgbt_fobico,
6,23,nolgbt_fobico,
6,120,nolgbt_fobico,
6,397,nolgbt_fobico,
6,71,nolgbt_fobico,
6,575,nolgbt_fobico,
6,242,nolgbt_fobico,
6,541,nolgbt_fobico,
6,496,nolgbt_fobico,
6,356,nolgbt_fobico,
6,438,nolgbt_fobico,
6,221,nolgbt_fobico,
6,441,nolgbt_fobico,
6,367,nolgbt_fobico,
6,479,nolgbt_fobico,
6,263,nolgbt_fobico,
6,379,nolgbt_fobico,
6,320,nolgbt_fobico,
6,326,nolgbt_fobico,
6,36,lgbt_fobico,"20,21,22,23"
6,458,nolgbt_fobico,
6,251,nolgbt_fobico,
6,131,nolgbt_fobico,
6,599,lgbt_fobico,"106,107,108,109,22,23,24,25,36,48,5,59,60,61,62,71,72,78,79,80,81"
6,522,nolgbt_fobico,
6,220,nolgbt_fobico,
6,2,lgbt_fobico,"24,25,26,27,38,39,40,41"
6,218,nolgbt_fobico,
6,537,nolgbt_fobico,
6,174,nolgbt_fobico,
6,191,nolgbt_fobico,
6,365,nolgbt_fobico,
6,335,nolgbt_fobico,
6,250,nolgbt_fobico,
6,275,nolgbt_fobico,
6,49,lgbt_fobico,"33,34,52,58"
6,355,nolgbt_fobico,
16,441,nolgbt_fobico,
2,453,nolgbt_fobico,
2,82,nolgbt_fobico,
2,154,nolgbt_fobico,
2,276,nolgbt_fobico,
2,346,nolgbt_fobico,
2,67,nolgbt_fobico,
2,325,nolgbt_fobico,
7,371,nolgbt_fobico,
7,440,nolgbt_fobico,
7,137,nolgbt_fobico,
7,244,nolgbt_fobico,
7,174,nolgbt_fobico,
7,572,nolgbt_fobico,
2,517,nolgbt_fobico,
2,550,nolgbt_fobico,
2,122,nolgbt_fobico,
2,398,nolgbt_fobico,
2,277,nolgbt_fobico,
2,105,nolgbt_fobico,
2,270,nolgbt_fobico,
2,442,nolgbt_fobico,
2,505,nolgbt_fobico,
2,281,nolgbt_fobico,
2,376,lgbt_fobico,20
2,119,nolgbt_fobico,
2,285,nolgbt_fobico,
2,390,nolgbt_fobico,
2,164,nolgbt_fobico,
2,141,nolgbt_fobico,
2,385,nolgbt_fobico,
2,179,nolgbt_fobico,
2,383,nolgbt_fobico,
2,262,nolgbt_fobico,
2,160,nolgbt_fobico,
2,327,nolgbt_fobico,
2,321,nolgbt_fobico,
2,77,nolgbt_fobico,
2,457,lgbt_fobico,141
7,194,nolgbt_fobico,
2,449,nolgbt_fobico,
7,585,nolgbt_fobico,
2,156,nolgbt_fobico,
2,471,nolgbt_fobico,
7,180,nolgbt_fobico,
7,579,nolgbt_fobico,
7,543,nolgbt_fobico,
7,259,nolgbt_fobico,
7,333,nolgbt_fobico,
7,49,lgbt_fobico,33
7,47,nolgbt_fobico,
7,2,nolgbt_fobico,
7,292,nolgbt_fobico,
7,324,nolgbt_fobico,
7,368,nolgbt_fobico,
7,528,nolgbt_fobico,
7,219,nolgbt_fobico,
7,502,nolgbt_fobico,
7,567,nolgbt_fobico,
7,341,nolgbt_fobico,
7,36,nolgbt_fobico,
6,339,nolgbt_fobico,
6,456,nolgbt_fobico,
6,237,nolgbt_fobico,
6,344,nolgbt_fobico,
6,572,nolgbt_fobico,
6,491,nolgbt_fobico,
6,380,nolgbt_fobico,
6,232,nolgbt_fobico,
6,387,lgbt_fobico,"30,31,32"
6,333,nolgbt_fobico,
6,585,nolgbt_fobico,
6,487,nolgbt_fobico,
6,324,nolgbt_fobico,
6,244,nolgbt_fobico,
6,210,nolgbt_fobico,
6,292,nolgbt_fobico,
6,328,nolgbt_fobico,
6,405,nolgbt_fobico,
2,529,nolgbt_fobico,
2,165,nolgbt_fobico,
6,415,nolgbt_fobico,
6,172,nolgbt_fobico,
6,488,nolgbt_fobico,
6,102,nolgbt_fobico,
6,368,lgbt_fobico,28
2,400,nolgbt_fobico,
6,137,nolgbt_fobico,
2,213,nolgbt_fobico,
6,57,nolgbt_fobico,
2,11,nolgbt_fobico,
2,428,nolgbt_fobico,
2,361,nolgbt_fobico,
6,68,nolgbt_fobico,
2,495,nolgbt_fobico,
2,597,lgbt_fobico,"1,15,16,17,18,27,31,34,36,38,39,40,41"
6,579,nolgbt_fobico,
6,211,nolgbt_fobico,
6,392,lgbt_fobico,23
2,460,nolgbt_fobico,
6,153,nolgbt_fobico,
6,450,nolgbt_fobico,
6,240,nolgbt_fobico,
6,302,nolgbt_fobico,
2,139,nolgbt_fobico,
2,412,nolgbt_fobico,
2,524,nolgbt_fobico,
2,190,nolgbt_fobico,
2,544,nolgbt_fobico,
2,391,nolgbt_fobico,
2,44,nolgbt_fobico,
2,187,nolgbt_fobico,
2,313,nolgbt_fobico,
2,475,nolgbt_fobico,
2,274,nolgbt_fobico,
2,226,nolgbt_fobico,
2,192,nolgbt_fobico,
2,338,nolgbt_fobico,
2,306,nolgbt_fobico,
2,564,nolgbt_fobico,
2,500,nolgbt_fobico,
2,416,nolgbt_fobico,
2,322,nolgbt_fobico,
2,279,nolgbt_fobico,
2,75,nolgbt_fobico,
2,419,nolgbt_fobico,
2,504,nolgbt_fobico,
2,181,nolgbt_fobico,
2,492,nolgbt_fobico,
2,149,nolgbt_fobico,
2,140,nolgbt_fobico,
2,526,nolgbt_fobico,
2,498,nolgbt_fobico,
2,37,lgbt_fobico,"19,21,30,34,36,38,40,47,49,5,51,53,55,57,59,61,7"
2,78,nolgbt_fobico,
2,72,nolgbt_fobico,
2,118,nolgbt_fobico,
2,319,nolgbt_fobico,
2,569,nolgbt_fobico,
2,228,nolgbt_fobico,
2,497,nolgbt_fobico,
2,425,nolgbt_fobico,
2,201,nolgbt_fobico,
2,432,nolgbt_fobico,
2,592,nolgbt_fobico,
2,401,nolgbt_fobico,
2,39,lgbt_fobico,21
2,43,nolgbt_fobico,
2,202,nolgbt_fobico,
2,577,nolgbt_fobico,
2,209,nolgbt_fobico,
2,303,nolgbt_fobico,
2,289,nolgbt_fobico,
2,51,nolgbt_fobico,
2,97,nolgbt_fobico,
2,337,nolgbt_fobico,
2,594,nolgbt_fobico,
2,50,nolgbt_fobico,
2,203,nolgbt_fobico,
2,388,nolgbt_fobico,
2,22,nolgbt_fobico,
14,364,lgbt_fobico,"10,12,13,15,17,20,42,5,6,7"
14,598,lgbt_fobico,"14,19,28,31,32,33,34"
14,518,nolgbt_fobico,
14,63,nolgbt_fobico,
14,60,nolgbt_fobico,
14,420,nolgbt_fobico,
14,81,lgbt_fobico,"102,63,64,71,73,74,75,76,77,78,79,80,97"
14,186,nolgbt_fobico,
14,125,nolgbt_fobico,
14,225,lgbt_fobico,53
14,69,nolgbt_fobico,
14,88,nolgbt_fobico,
14,175,nolgbt_fobico,
14,178,nolgbt_fobico,
14,429,nolgbt_fobico,
14,499,nolgbt_fobico,
14,562,nolgbt_fobico,
14,147,nolgbt_fobico,
14,465,lgbt_fobico,"10,100,102,103,119,122,97,98"
14,129,nolgbt_fobico,
14,229,nolgbt_fobico,
14,349,nolgbt_fobico,
14,291,nolgbt_fobico,
14,261,nolgbt_fobico,
14,92,nolgbt_fobico,
14,559,nolgbt_fobico,
14,286,nolgbt_fobico,
14,480,nolgbt_fobico,
14,45,lgbt_fobico,"12,25,3,34,35,37,42,65,76,77,78"
14,413,lgbt_fobico,"26,32,4"
14,84,nolgbt_fobico,
14,304,lgbt_fobico,"71,72,73,74"
14,300,lgbt_fobico,"10,11,12,13,14,15,16,17,22,23,24,25,26,27,28,29,30,35,36,37,38,40,41,42,43,44,45,46,47,5,8"
14,59,nolgbt_fobico,
14,558,nolgbt_fobico,
14,535,nolgbt_fobico,
14,204,nolgbt_fobico,
14,411,lgbt_fobico,"12,13,14"
14,128,nolgbt_fobico,
14,459,lgbt_fobico,"27,28,32,33"
14,555,nolgbt_fobico,
14,435,lgbt_fobico,"10,23,24,25,26,27,28,29,30,6,7,9"
14,426,nolgbt_fobico,
14,454,lgbt_fobico,"18,19,20,21,22"
14,90,nolgbt_fobico,
14,514,nolgbt_fobico,
14,434,nolgbt_fobico,
12,362,nolgbt_fobico,
12,197,nolgbt_fobico,
12,230,nolgbt_fobico,
12,554,nolgbt_fobico,
12,347,nolgbt_fobico,
12,596,nolgbt_fobico,
12,483,nolgbt_fobico,
12,364,nolgbt_fobico,
12,423,nolgbt_fobico,
12,128,nolgbt_fobico,
12,478,nolgbt_fobico,
12,26,lgbt_fobico,"0,4"
12,465,nolgbt_fobico,
12,360,nolgbt_fobico,
12,205,nolgbt_fobico,
12,474,nolgbt_fobico,
12,31,nolgbt_fobico,
12,459,nolgbt_fobico,
12,186,nolgbt_fobico,
12,238,nolgbt_fobico,
12,410,nolgbt_fobico,
12,103,nolgbt_fobico,
12,404,nolgbt_fobico,
12,555,nolgbt_fobico,
12,480,nolgbt_fobico,
12,19,nolgbt_fobico,
12,501,nolgbt_fobico,
12,223,nolgbt_fobico,
12,184,nolgbt_fobico,
12,598,nolgbt_fobico,
16,121,nolgbt_fobico,
16,296,nolgbt_fobico,
12,233,nolgbt_fobico,
12,58,nolgbt_fobico,
12,62,nolgbt_fobico,
12,55,nolgbt_fobico,
12,431,nolgbt_fobico,
12,173,nolgbt_fobico,
12,59,nolgbt_fobico,
12,208,nolgbt_fobico,
12,352,nolgbt_fobico,
12,10,nolgbt_fobico,
12,462,nolgbt_fobico,
12,521,nolgbt_fobico,
12,527,nolgbt_fobico,
12,323,nolgbt_fobico,
12,291,nolgbt_fobico,
12,81,nolgbt_fobico,
12,235,nolgbt_fobico,
12,316,nolgbt_fobico,
12,563,nolgbt_fobico,
12,318,nolgbt_fobico,
12,253,nolgbt_fobico,
12,525,nolgbt_fobico,
12,508,nolgbt_fobico,
12,499,nolgbt_fobico,
12,168,nolgbt_fobico,
12,378,lgbt_fobico,"13,14,15,16,17,20,21,22,23,24,25,26,28,29,30,31,32,33,34,36,38,39,40,41,42,43,44,46,47,48,49,51,52,53,54,55,56,57,58,6,61,62,63,64,65,66,67,68,69,7,70,71,72,8"
12,561,nolgbt_fobico,
12,65,nolgbt_fobico,
12,586,nolgbt_fobico,
12,25,nolgbt_fobico,
12,254,nolgbt_fobico,
12,343,nolgbt_fobico,
12,366,nolgbt_fobico,
12,490,nolgbt_fobico,
12,540,nolgbt_fobico,
12,349,nolgbt_fobico,
12,309,nolgbt_fobico,
12,115,nolgbt_fobico,
12,290,nolgbt_fobico,
12,98,nolgbt_fobico,
12,163,nolgbt_fobico,
12,506,nolgbt_fobico,
12,224,nolgbt_fobico,
12,125,nolgbt_fobico,
12,158,nolgbt_fobico,
12,32,nolgbt_fobico,
12,200,nolgbt_fobico,
12,204,nolgbt_fobico,
12,345,nolgbt_fobico,
12,429,nolgbt_fobico,
12,20,nolgbt_fobico,
12,466,nolgbt_fobico,
16,463,nolgbt_fobico,
16,405,lgbt_fobico,"1,10,14,29,39,42,6"
16,568,nolgbt_fobico,
16,94,nolgbt_fobico,
16,167,nolgbt_fobico,
16,590,nolgbt_fobico,
16,591,nolgbt_fobico,
16,244,nolgbt_fobico,
16,330,nolgbt_fobico,
16,389,nolgbt_fobico,
16,575,nolgbt_fobico,
16,377,nolgbt_fobico,
16,221,nolgbt_fobico,
16,530,nolgbt_fobico,
2,406,nolgbt_fobico,
2,249,nolgbt_fobico,
2,538,nolgbt_fobico,
2,546,nolgbt_fobico,
2,199,nolgbt_fobico,
2,144,nolgbt_fobico,
2,138,nolgbt_fobico,
2,35,lgbt_fobico,"17,2,7,8"
2,421,nolgbt_fobico,
2,206,nolgbt_fobico,
2,548,nolgbt_fobico,
2,587,nolgbt_fobico,
2,87,nolgbt_fobico,
2,510,nolgbt_fobico,
2,8,nolgbt_fobico,
2,359,nolgbt_fobico,
2,24,nolgbt_fobico,
2,14,nolgbt_fobico,
2,61,nolgbt_fobico,
2,493,nolgbt_fobico,
2,30,nolgbt_fobico,
2,549,nolgbt_fobico,
2,4,nolgbt_fobico,
2,595,nolgbt_fobico,
2,295,nolgbt_fobico,
2,111,nolgbt_fobico,
2,214,nolgbt_fobico,
2,70,nolgbt_fobico,
2,545,nolgbt_fobico,
2,593,nolgbt_fobico,
2,476,nolgbt_fobico,
2,257,nolgbt_fobico,
2,185,nolgbt_fobico,
2,241,nolgbt_fobico,
2,532,nolgbt_fobico,
2,282,nolgbt_fobico,
12,63,nolgbt_fobico,
12,34,nolgbt_fobico,
12,396,nolgbt_fobico,
12,407,nolgbt_fobico,
12,582,nolgbt_fobico,
12,7,nolgbt_fobico,
12,93,nolgbt_fobico,
12,489,nolgbt_fobico,
12,402,nolgbt_fobico,
12,560,nolgbt_fobico,
12,566,nolgbt_fobico,
12,426,nolgbt_fobico,
12,45,nolgbt_fobico,
12,446,nolgbt_fobico,
12,444,nolgbt_fobico,
12,363,nolgbt_fobico,
12,110,nolgbt_fobico,
12,88,nolgbt_fobico,
12,409,nolgbt_fobico,
12,76,nolgbt_fobico,
12,420,nolgbt_fobico,
12,308,nolgbt_fobico,
12,234,nolgbt_fobico,
12,411,nolgbt_fobico,
12,261,nolgbt_fobico,
12,372,nolgbt_fobico,
12,576,nolgbt_fobico,
12,258,nolgbt_fobico,
12,159,nolgbt_fobico,
12,305,nolgbt_fobico,
12,570,nolgbt_fobico,
12,162,nolgbt_fobico,
12,304,nolgbt_fobico,
12,435,nolgbt_fobico,
12,107,nolgbt_fobico,
12,84,nolgbt_fobico,
12,297,nolgbt_fobico,
12,225,nolgbt_fobico,
12,116,nolgbt_fobico,
12,312,nolgbt_fobico,
12,6,lgbt_fobico,"10,11,12,18,19,20,21,22,23,24,25,26,29,4,5,6,7,8,9"
12,150,nolgbt_fobico,
12,268,nolgbt_fobico,
12,336,nolgbt_fobico,
12,551,nolgbt_fobico,
12,13,nolgbt_fobico,
12,148,nolgbt_fobico,
12,157,nolgbt_fobico,
12,142,nolgbt_fobico,
12,469,nolgbt_fobico,
12,147,nolgbt_fobico,
12,357,nolgbt_fobico,
12,298,nolgbt_fobico,
12,434,nolgbt_fobico,
12,166,nolgbt_fobico,
12,534,nolgbt_fobico,
12,52,nolgbt_fobico,
12,89,nolgbt_fobico,
12,512,nolgbt_fobico,
12,175,nolgbt_fobico,
12,198,nolgbt_fobico,
12,514,nolgbt_fobico,
12,9,nolgbt_fobico,
12,484,nolgbt_fobico,
12,134,nolgbt_fobico,
12,574,nolgbt_fobico,
16,528,nolgbt_fobico,
16,68,nolgbt_fobico,
16,293,nolgbt_fobico,
16,353,nolgbt_fobico,
16,579,nolgbt_fobico,
16,74,nolgbt_fobico,
16,458,nolgbt_fobico,
16,130,nolgbt_fobico,
16,227,nolgbt_fobico,
16,374,nolgbt_fobico,
16,15,nolgbt_fobico,
16,260,nolgbt_fobico,
16,73,nolgbt_fobico,
16,2,nolgbt_fobico,
16,367,nolgbt_fobico,
16,589,nolgbt_fobico,
16,437,nolgbt_fobico,
16,182,nolgbt_fobico,
16,450,nolgbt_fobico,
16,320,nolgbt_fobico,
16,242,nolgbt_fobico,
16,131,nolgbt_fobico,
16,153,nolgbt_fobico,
16,272,nolgbt_fobico,
16,310,nolgbt_fobico,
16,191,nolgbt_fobico,
16,102,nolgbt_fobico,
16,477,nolgbt_fobico,
16,509,nolgbt_fobico,
16,393,nolgbt_fobico,
16,23,nolgbt_fobico,
16,219,nolgbt_fobico,
16,557,nolgbt_fobico,
16,541,nolgbt_fobico,
16,275,nolgbt_fobico,
16,126,nolgbt_fobico,
16,488,nolgbt_fobico,
16,292,nolgbt_fobico,
16,1,lgbt_fobico,"0,1,10,11,12,2,26,27,28,3,6,7,8"
16,104,nolgbt_fobico,
16,539,nolgbt_fobico,
16,356,nolgbt_fobico,
16,537,nolgbt_fobico,
16,207,nolgbt_fobico,
16,220,nolgbt_fobico,
16,251,nolgbt_fobico,
16,133,nolgbt_fobico,
16,439,nolgbt_fobico,
16,266,nolgbt_fobico,
16,536,nolgbt_fobico,
16,571,nolgbt_fobico,
16,572,nolgbt_fobico,
16,57,nolgbt_fobico,
16,114,nolgbt_fobico,
16,326,nolgbt_fobico,
16,565,nolgbt_fobico,
16,236,nolgbt_fobico,
16,511,nolgbt_fobico,
16,599,lgbt_fobico,"106,107,108,109,22,23,24,25,36,48,5,59,60,61,62,71,72,78,79,80,81"
16,386,lgbt_fobico,"32,33"
16,47,nolgbt_fobico,
16,368,nolgbt_fobico,
16,354,nolgbt_fobico,
16,344,nolgbt_fobico,
16,340,nolgbt_fobico,
16,328,nolgbt_fobico,
16,427,lgbt_fobico,23
16,240,nolgbt_fobico,
16,567,nolgbt_fobico,
18,435,nolgbt_fobico,
18,301,nolgbt_fobico,
18,396,nolgbt_fobico,
18,186,nolgbt_fobico,
18,291,nolgbt_fobico,
18,26,nolgbt_fobico,
18,382,nolgbt_fobico,
18,20,nolgbt_fobico,
18,343,nolgbt_fobico,
18,157,nolgbt_fobico,
18,316,nolgbt_fobico,
18,345,nolgbt_fobico,
18,512,nolgbt_fobico,
18,533,nolgbt_fobico,
18,168,nolgbt_fobico,
18,540,nolgbt_fobico,
18,451,nolgbt_fobico,
18,252,nolgbt_fobico,
18,235,nolgbt_fobico,
18,413,lgbt_fobico,"43,44,45,46,47,48,49"
18,559,nolgbt_fobico,
18,55,nolgbt_fobico,
18,426,nolgbt_fobico,
18,558,nolgbt_fobico,
18,527,nolgbt_fobico,
18,561,nolgbt_fobico,
18,254,nolgbt_fobico,
18,508,nolgbt_fobico,
18,360,nolgbt_fobico,
18,420,nolgbt_fobico,
18,205,nolgbt_fobico,
18,318,nolgbt_fobico,
18,407,nolgbt_fobico,
18,234,nolgbt_fobico,
18,69,nolgbt_fobico,
18,378,nolgbt_fobico,
18,336,nolgbt_fobico,
18,103,nolgbt_fobico,
18,108,nolgbt_fobico,
18,116,nolgbt_fobico,
18,484,nolgbt_fobico,
18,434,nolgbt_fobico,
18,478,nolgbt_fobico,
18,178,nolgbt_fobico,
18,184,nolgbt_fobico,
18,173,nolgbt_fobico,
18,469,nolgbt_fobico,
18,13,nolgbt_fobico,
18,363,nolgbt_fobico,
18,480,nolgbt_fobico,
18,7,nolgbt_fobico,
18,246,nolgbt_fobico,
18,93,nolgbt_fobico,
18,106,nolgbt_fobico,
18,158,nolgbt_fobico,
18,466,nolgbt_fobico,
18,596,lgbt_fobico,"24,43,44,61"
18,92,nolgbt_fobico,
18,84,nolgbt_fobico,
18,230,nolgbt_fobico,
18,445,nolgbt_fobico,
18,95,nolgbt_fobico,
18,444,nolgbt_fobico,
18,431,nolgbt_fobico,
18,225,nolgbt_fobico,
18,366,lgbt_fobico,9
18,362,nolgbt_fobico,
18,52,nolgbt_fobico,
18,563,nolgbt_fobico,
18,465,nolgbt_fobico,
18,411,nolgbt_fobico,
18,115,nolgbt_fobico,
18,560,nolgbt_fobico,
18,28,nolgbt_fobico,
18,384,nolgbt_fobico,
18,196,nolgbt_fobico,
18,229,nolgbt_fobico,
18,45,lgbt_fobico,42
18,298,nolgbt_fobico,
18,83,nolgbt_fobico,
18,297,nolgbt_fobico,
18,109,nolgbt_fobico,
18,33,nolgbt_fobico,
18,423,nolgbt_fobico,
18,352,nolgbt_fobico,
18,381,nolgbt_fobico,
18,489,nolgbt_fobico,
18,574,nolgbt_fobico,
18,499,nolgbt_fobico,
18,402,nolgbt_fobico,
18,518,nolgbt_fobico,
18,566,nolgbt_fobico,
18,554,nolgbt_fobico,
18,183,nolgbt_fobico,
18,238,nolgbt_fobico,
18,81,lgbt_fobico,73
18,253,nolgbt_fobico,
18,96,nolgbt_fobico,
18,410,nolgbt_fobico,
18,514,nolgbt_fobico,
18,409,lgbt_fobico,19
19,226,nolgbt_fobico,
20,219,nolgbt_fobico,
20,456,lgbt_fobico,"10,24,28,8"
20,240,nolgbt_fobico,
20,15,lgbt_fobico,"0,2,3"
20,522,nolgbt_fobico,
20,231,nolgbt_fobico,
20,472,nolgbt_fobico,
20,220,nolgbt_fobico,
20,333,nolgbt_fobico,
20,418,nolgbt_fobico,
20,353,nolgbt_fobico,
20,242,nolgbt_fobico,
20,440,nolgbt_fobico,
20,356,nolgbt_fobico,
20,54,nolgbt_fobico,
20,511,nolgbt_fobico,
20,293,nolgbt_fobico,
20,292,nolgbt_fobico,
20,424,nolgbt_fobico,
20,557,nolgbt_fobico,
20,377,lgbt_fobico,"2,9"
20,191,nolgbt_fobico,
20,585,nolgbt_fobico,
20,479,nolgbt_fobico,
20,530,nolgbt_fobico,
20,283,nolgbt_fobico,
20,414,nolgbt_fobico,
20,136,nolgbt_fobico,
20,102,nolgbt_fobico,
20,237,nolgbt_fobico,
20,405,lgbt_fobico,"1,6"
20,210,nolgbt_fobico,
20,296,nolgbt_fobico,
20,373,nolgbt_fobico,
20,239,nolgbt_fobico,
20,49,lgbt_fobico,33
20,536,nolgbt_fobico,
20,311,nolgbt_fobico,
20,389,nolgbt_fobico,
20,217,nolgbt_fobico,
19,428,nolgbt_fobico,
19,79,nolgbt_fobico,
19,547,nolgbt_fobico,
19,432,lgbt_fobico,"16,5"
19,519,nolgbt_fobico,
19,295,lgbt_fobico,"36,37,78"
19,495,nolgbt_fobico,
19,307,nolgbt_fobico,
19,376,lgbt_fobico,"11,6"
19,317,nolgbt_fobico,
19,391,nolgbt_fobico,
19,401,nolgbt_fobico,
19,61,nolgbt_fobico,
19,498,nolgbt_fobico,
19,390,lgbt_fobico,3
19,35,lgbt_fobico,"17,18,7,8,9"
19,588,nolgbt_fobico,
19,338,nolgbt_fobico,
19,548,nolgbt_fobico,
19,306,nolgbt_fobico,
19,520,nolgbt_fobico,
19,44,nolgbt_fobico,
19,190,nolgbt_fobico,
19,564,nolgbt_fobico,
19,285,nolgbt_fobico,
19,149,nolgbt_fobico,
19,280,nolgbt_fobico,
19,143,nolgbt_fobico,
19,262,nolgbt_fobico,
19,453,nolgbt_fobico,
19,165,nolgbt_fobico,
19,123,nolgbt_fobico,
19,278,nolgbt_fobico,
19,140,nolgbt_fobico,
19,556,nolgbt_fobico,
19,154,nolgbt_fobico,
19,4,nolgbt_fobico,
19,75,nolgbt_fobico,
19,314,nolgbt_fobico,
19,53,nolgbt_fobico,
21,318,nolgbt_fobico,
21,343,nolgbt_fobico,
21,107,nolgbt_fobico,
21,486,nolgbt_fobico,
21,234,nolgbt_fobico,
21,177,nolgbt_fobico,
21,45,nolgbt_fobico,
21,584,nolgbt_fobico,
21,552,nolgbt_fobico,
21,423,nolgbt_fobico,
21,362,nolgbt_fobico,
21,366,nolgbt_fobico,
21,404,nolgbt_fobico,
21,52,nolgbt_fobico,
21,286,nolgbt_fobico,
21,300,nolgbt_fobico,
21,298,nolgbt_fobico,
21,290,nolgbt_fobico,
21,85,nolgbt_fobico,
21,176,nolgbt_fobico,
21,574,nolgbt_fobico,
19,279,nolgbt_fobico,
19,346,nolgbt_fobico,
19,455,nolgbt_fobico,
19,538,nolgbt_fobico,
19,464,lgbt_fobico,"255,371,372,402,548,549"
19,72,nolgbt_fobico,
19,14,nolgbt_fobico,
19,421,nolgbt_fobico,
19,388,lgbt_fobico,"17,18"
18,312,nolgbt_fobico,
18,521,nolgbt_fobico,
18,197,nolgbt_fobico,
18,170,nolgbt_fobico,
18,177,nolgbt_fobico,
18,88,nolgbt_fobico,
18,490,nolgbt_fobico,
18,89,nolgbt_fobico,
18,582,nolgbt_fobico,
18,534,nolgbt_fobico,
18,269,nolgbt_fobico,
18,129,nolgbt_fobico,
18,304,nolgbt_fobico,
18,19,nolgbt_fobico,
18,208,nolgbt_fobico,
18,446,nolgbt_fobico,
18,163,nolgbt_fobico,
18,224,nolgbt_fobico,
18,268,nolgbt_fobico,
18,59,nolgbt_fobico,
18,175,nolgbt_fobico,
18,200,nolgbt_fobico,
18,555,nolgbt_fobico,
18,58,nolgbt_fobico,
18,290,nolgbt_fobico,
18,90,nolgbt_fobico,
18,233,nolgbt_fobico,
18,98,nolgbt_fobico,
18,9,nolgbt_fobico,
18,364,nolgbt_fobico,
18,142,nolgbt_fobico,
18,370,nolgbt_fobico,
18,10,nolgbt_fobico,
18,535,nolgbt_fobico,
18,162,nolgbt_fobico,
18,483,nolgbt_fobico,
18,486,nolgbt_fobico,
18,300,nolgbt_fobico,
18,85,nolgbt_fobico,
18,6,nolgbt_fobico,
18,501,nolgbt_fobico,
18,348,nolgbt_fobico,
18,474,nolgbt_fobico,
18,506,nolgbt_fobico,
18,264,nolgbt_fobico,
18,261,nolgbt_fobico,
18,63,nolgbt_fobico,
18,372,nolgbt_fobico,
18,86,nolgbt_fobico,
18,66,nolgbt_fobico,
18,570,nolgbt_fobico,
18,286,nolgbt_fobico,
18,134,nolgbt_fobico,
18,308,nolgbt_fobico,
18,347,nolgbt_fobico,
18,562,nolgbt_fobico,
18,525,nolgbt_fobico,
18,223,nolgbt_fobico,
18,309,nolgbt_fobico,
18,65,nolgbt_fobico,
18,32,lgbt_fobico,"12,13,26,27"
18,62,nolgbt_fobico,
18,584,nolgbt_fobico,
18,598,nolgbt_fobico,
18,248,nolgbt_fobico,
18,110,nolgbt_fobico,
18,429,nolgbt_fobico,
18,404,nolgbt_fobico,
18,31,nolgbt_fobico,
18,485,nolgbt_fobico,
18,323,nolgbt_fobico,
18,76,nolgbt_fobico,
18,204,nolgbt_fobico,
18,258,nolgbt_fobico,
18,128,nolgbt_fobico,
18,166,nolgbt_fobico,
18,159,nolgbt_fobico,
18,107,nolgbt_fobico,
18,147,nolgbt_fobico,
18,148,nolgbt_fobico,
18,454,nolgbt_fobico,
18,150,nolgbt_fobico,
18,222,nolgbt_fobico,
18,305,nolgbt_fobico,
18,576,nolgbt_fobico,
18,176,nolgbt_fobico,
18,60,nolgbt_fobico,
18,462,nolgbt_fobico,
18,198,nolgbt_fobico,
18,357,nolgbt_fobico,
18,349,nolgbt_fobico,
18,151,nolgbt_fobico,
18,25,nolgbt_fobico,
18,125,nolgbt_fobico,
18,34,nolgbt_fobico,
18,551,nolgbt_fobico,
18,586,nolgbt_fobico,
18,552,nolgbt_fobico,
18,459,nolgbt_fobico,
19,111,nolgbt_fobico,
19,593,nolgbt_fobico,
19,185,nolgbt_fobico,
19,146,nolgbt_fobico,
19,476,nolgbt_fobico,
19,383,lgbt_fobico,"32,37,40"
19,510,lgbt_fobico,"28,29,41,42"
19,517,nolgbt_fobico,
19,97,nolgbt_fobico,
19,37,lgbt_fobico,"30,31"
19,203,nolgbt_fobico,
19,497,nolgbt_fobico,
19,56,nolgbt_fobico,
19,449,lgbt_fobico,"24,25,29,4,48,49,50,51,52,53,58,62,63,74,75,76,77"
19,406,lgbt_fobico,"1,11,12,13,14,2,3,4"
19,241,nolgbt_fobico,
19,398,nolgbt_fobico,
19,156,nolgbt_fobico,
20,573,nolgbt_fobico,
20,218,nolgbt_fobico,
20,581,nolgbt_fobico,
20,461,nolgbt_fobico,
20,126,nolgbt_fobico,
20,441,nolgbt_fobico,
20,541,nolgbt_fobico,
20,427,nolgbt_fobico,
20,326,nolgbt_fobico,
20,417,nolgbt_fobico,
20,104,nolgbt_fobico,
20,467,nolgbt_fobico,
20,120,nolgbt_fobico,
20,288,nolgbt_fobico,
20,531,nolgbt_fobico,
20,488,nolgbt_fobico,
20,244,nolgbt_fobico,
20,503,nolgbt_fobico,
20,260,nolgbt_fobico,
20,528,nolgbt_fobico,
20,68,nolgbt_fobico,
20,368,nolgbt_fobico,
20,12,nolgbt_fobico,
20,5,nolgbt_fobico,
20,496,nolgbt_fobico,
20,422,nolgbt_fobico,
20,155,nolgbt_fobico,
20,250,nolgbt_fobico,
20,468,nolgbt_fobico,
20,267,nolgbt_fobico,
20,344,nolgbt_fobico,
20,94,nolgbt_fobico,
20,114,nolgbt_fobico,
20,380,nolgbt_fobico,
20,36,lgbt_fobico,"1,12,16,17,2,20,21,22,23,24,4,5,9"
20,393,nolgbt_fobico,
20,399,nolgbt_fobico,
20,271,nolgbt_fobico,
20,397,nolgbt_fobico,
20,227,nolgbt_fobico,
20,232,nolgbt_fobico,
20,386,nolgbt_fobico,
20,477,nolgbt_fobico,
20,91,nolgbt_fobico,
20,131,nolgbt_fobico,
20,47,nolgbt_fobico,
19,337,nolgbt_fobico,
19,460,nolgbt_fobico,
19,322,nolgbt_fobico,
19,303,nolgbt_fobico,
19,179,nolgbt_fobico,
19,457,lgbt_fobico,"67,89,98"
19,51,nolgbt_fobico,
19,139,nolgbt_fobico,
20,443,nolgbt_fobico,
20,572,nolgbt_fobico,
20,16,nolgbt_fobico,
20,169,nolgbt_fobico,
19,202,nolgbt_fobico,
19,206,nolgbt_fobico,
19,187,nolgbt_fobico,
19,30,lgbt_fobico,"18,19,33,65,9"
20,331,nolgbt_fobico,
20,100,nolgbt_fobico,
19,41,lgbt_fobico,"19,2,20,27,36,47,49,5,6"
20,403,nolgbt_fobico,
19,209,nolgbt_fobico,
19,524,nolgbt_fobico,
19,419,nolgbt_fobico,
20,394,nolgbt_fobico,
20,568,nolgbt_fobico,
19,526,nolgbt_fobico,
19,587,nolgbt_fobico,
19,315,nolgbt_fobico,
19,21,lgbt_fobico,"10,11,12,16,17,18,19,2,23,24,25,26,3,30,31,32,33,37,38,39,4,40,5,9"
19,124,nolgbt_fobico,
19,152,nolgbt_fobico,
19,470,lgbt_fobico,"10,11,21,22"
19,595,nolgbt_fobico,
19,277,nolgbt_fobico,
19,532,nolgbt_fobico,
19,161,nolgbt_fobico,
19,101,nolgbt_fobico,
19,135,nolgbt_fobico,
19,500,nolgbt_fobico,
19,122,lgbt_fobico,27
19,412,nolgbt_fobico,
19,160,nolgbt_fobico,
19,82,nolgbt_fobico,
19,299,nolgbt_fobico,
19,361,lgbt_fobico,"34,35,36,42,43,45,46,47,48,49"
19,257,nolgbt_fobico,
19,529,nolgbt_fobico,
19,144,nolgbt_fobico,
19,494,nolgbt_fobico,
19,550,nolgbt_fobico,
19,425,nolgbt_fobico,
19,282,nolgbt_fobico,
19,22,nolgbt_fobico,
19,569,nolgbt_fobico,
19,11,nolgbt_fobico,
19,245,nolgbt_fobico,
19,138,nolgbt_fobico,
19,78,nolgbt_fobico,
19,214,nolgbt_fobico,
19,325,nolgbt_fobico,
19,181,nolgbt_fobico,
19,329,nolgbt_fobico,
19,430,nolgbt_fobico,
19,112,nolgbt_fobico,
19,600,nolgbt_fobico,
19,188,nolgbt_fobico,
19,43,lgbt_fobico,"18,20,36,38,58,60"
19,359,lgbt_fobico,"0,11,12,14,15,16,17,18,2,23,3,4,5,6"
19,212,nolgbt_fobico,
19,141,nolgbt_fobico,
19,50,nolgbt_fobico,
19,3,nolgbt_fobico,
19,546,nolgbt_fobico,
19,281,nolgbt_fobico,
19,18,nolgbt_fobico,
19,193,nolgbt_fobico,
19,195,nolgbt_fobico,
20,513,nolgbt_fobico,
20,256,nolgbt_fobico,
19,289,nolgbt_fobico,
20,537,nolgbt_fobico,
20,392,nolgbt_fobico,
20,42,lgbt_fobico,"30,31,51"
19,247,nolgbt_fobico,
19,400,lgbt_fobico,18
20,266,nolgbt_fobico,
20,481,nolgbt_fobico,
20,571,nolgbt_fobico,
20,341,nolgbt_fobico,
20,73,nolgbt_fobico,
19,270,nolgbt_fobico,
20,263,nolgbt_fobico,
20,80,nolgbt_fobico,
20,375,nolgbt_fobico,
19,39,lgbt_fobico,"10,11,12,13,27,28,29,30,31,9"
19,274,nolgbt_fobico,
20,543,nolgbt_fobico,
20,334,nolgbt_fobico,
20,369,nolgbt_fobico,
19,199,nolgbt_fobico,
20,174,nolgbt_fobico,
20,287,nolgbt_fobico,
20,324,nolgbt_fobico,
20,332,nolgbt_fobico,
19,408,lgbt_fobico,"11,19,21,5"
20,194,nolgbt_fobico,
20,251,nolgbt_fobico,
20,539,nolgbt_fobico,
20,339,nolgbt_fobico,
20,354,nolgbt_fobico,
20,542,nolgbt_fobico,
20,74,nolgbt_fobico,
19,549,nolgbt_fobico,
19,8,nolgbt_fobico,
19,213,nolgbt_fobico,
19,249,nolgbt_fobico,
19,553,nolgbt_fobico,
19,319,nolgbt_fobico,
19,228,nolgbt_fobico,
19,48,nolgbt_fobico,
19,350,nolgbt_fobico,
19,544,nolgbt_fobico,
19,192,nolgbt_fobico,
19,416,nolgbt_fobico,
19,273,nolgbt_fobico,
19,17,nolgbt_fobico,
19,504,nolgbt_fobico,
19,436,nolgbt_fobico,
19,77,nolgbt_fobico,
19,321,nolgbt_fobico,
19,433,nolgbt_fobico,
19,597,lgbt_fobico,"1,11,13,15,16,17,18,27,31,34,36,37,38,39,40,41,7,9"
19,505,lgbt_fobico,"18,38,46"
19,351,nolgbt_fobico,
19,515,nolgbt_fobico,
19,545,nolgbt_fobico,
19,442,nolgbt_fobico,
19,475,lgbt_fobico,"10,9"
19,70,nolgbt_fobico,
19,327,nolgbt_fobico,
19,189,nolgbt_fobico,
19,385,nolgbt_fobico,
19,592,nolgbt_fobico,
19,492,nolgbt_fobico,
19,46,lgbt_fobico,6
19,215,nolgbt_fobico,
19,578,nolgbt_fobico,
19,132,nolgbt_fobico,
19,164,nolgbt_fobico,
19,471,nolgbt_fobico,
19,594,lgbt_fobico,"41,42,44,45"
19,24,nolgbt_fobico,
19,201,nolgbt_fobico,
19,145,nolgbt_fobico,
19,118,nolgbt_fobico,
19,276,nolgbt_fobico,
20,71,nolgbt_fobico,
20,310,nolgbt_fobico,
20,340,nolgbt_fobico,
20,272,nolgbt_fobico,
20,439,nolgbt_fobico,
20,579,nolgbt_fobico,
20,330,nolgbt_fobico,
20,23,nolgbt_fobico,
20,591,nolgbt_fobico,
20,40,nolgbt_fobico,
20,167,nolgbt_fobico,
20,180,nolgbt_fobico,
20,255,nolgbt_fobico,
20,320,nolgbt_fobico,
20,211,nolgbt_fobico,
20,182,nolgbt_fobico,
20,590,nolgbt_fobico,
20,599,lgbt_fobico,"106,107,108,109,48,5,59,60,61,62,71,78,79,80,81"
20,216,nolgbt_fobico,
20,99,nolgbt_fobico,
20,284,nolgbt_fobico,
20,1,nolgbt_fobico,
19,67,nolgbt_fobico,
19,473,nolgbt_fobico,
20,487,nolgbt_fobico,
19,105,nolgbt_fobico,
20,2,lgbt_fobico,"38,39,40,41"
19,493,nolgbt_fobico,
19,448,lgbt_fobico,"10,11,13,14,15,16,17,18,19,21,22,32,33,38,51,52,53,59,6"
19,577,nolgbt_fobico,
19,313,nolgbt_fobico,
19,119,nolgbt_fobico,
19,447,nolgbt_fobico,
19,243,nolgbt_fobico,
19,87,lgbt_fobico,"100,1006,101,102,1081,1083,1111,1185,1258,1259,1343,1421,1429,1515,1531,1564,1680,1681,1682,1683,1727,1731,1753,1757,176,1785,370,371,372,376,463,530,59,60,607,824"
20,221,nolgbt_fobico,
20,523,nolgbt_fobico,
20,509,nolgbt_fobico,
20,491,nolgbt_fobico,
20,379,nolgbt_fobico,
20,374,nolgbt_fobico,
20,415,nolgbt_fobico,
20,294,nolgbt_fobico,
19,64,nolgbt_fobico,
20,130,nolgbt_fobico,
20,153,nolgbt_fobico,
20,507,nolgbt_fobico,
20,328,nolgbt_fobico,
20,502,nolgbt_fobico,
20,29,lgbt_fobico,"15,16,18,19,2,20,21,22,23,24,25,27,3,38,39,4,40,41,42,43,44,45,54,55,56,57,58,59,60,61,62,63,64,65"
20,516,nolgbt_fobico,
20,172,nolgbt_fobico,
20,121,nolgbt_fobico,
20,137,nolgbt_fobico,
20,365,nolgbt_fobico,
20,127,nolgbt_fobico,
20,437,nolgbt_fobico,
20,575,nolgbt_fobico,
20,589,nolgbt_fobico,
20,171,nolgbt_fobico,
20,265,nolgbt_fobico,
20,302,nolgbt_fobico,
20,207,nolgbt_fobico,
20,367,nolgbt_fobico,
20,342,nolgbt_fobico,
20,335,nolgbt_fobico,
20,38,nolgbt_fobico,
20,438,nolgbt_fobico,
20,482,nolgbt_fobico,
20,355,nolgbt_fobico,
20,565,nolgbt_fobico,
20,387,lgbt_fobico,32
20,236,nolgbt_fobico,
20,450,nolgbt_fobico,
20,275,nolgbt_fobico,
20,371,nolgbt_fobico,
20,27,nolgbt_fobico,
20,117,nolgbt_fobico,
20,567,nolgbt_fobico,
20,259,nolgbt_fobico,
20,57,nolgbt_fobico,
20,458,nolgbt_fobico,
20,133,nolgbt_fobico,
21,32,lgbt_fobico,"12,13,26,27"
21,26,nolgbt_fobico,
21,175,nolgbt_fobico,
21,561,nolgbt_fobico,
21,554,nolgbt_fobico,
21,246,nolgbt_fobico,
21,469,nolgbt_fobico,
21,297,nolgbt_fobico,
21,13,nolgbt_fobico,
21,514,nolgbt_fobico,
20,580,nolgbt_fobico,
20,113,nolgbt_fobico,
21,413,nolgbt_fobico,
20,395,nolgbt_fobico,
21,110,nolgbt_fobico,
21,109,nolgbt_fobico,
21,426,nolgbt_fobico,
21,363,nolgbt_fobico,
21,555,nolgbt_fobico,
21,170,nolgbt_fobico,
21,115,nolgbt_fobico,
21,63,nolgbt_fobico,
21,162,nolgbt_fobico,
21,7,nolgbt_fobico,
21,381,nolgbt_fobico,
20,452,nolgbt_fobico,
20,358,nolgbt_fobico,
20,583,nolgbt_fobico,
20,463,nolgbt_fobico,
21,150,nolgbt_fobico,
21,506,nolgbt_fobico,
21,598,nolgbt_fobico,
21,484,nolgbt_fobico,
21,147,nolgbt_fobico,
21,301,nolgbt_fobico,
21,157,nolgbt_fobico,
21,410,nolgbt_fobico,
21,6,nolgbt_fobico,
21,223,nolgbt_fobico,
21,128,nolgbt_fobico,
21,200,nolgbt_fobico,
21,254,nolgbt_fobico,
21,305,nolgbt_fobico,
21,312,nolgbt_fobico,
21,558,nolgbt_fobico,
21,490,nolgbt_fobico,
21,65,nolgbt_fobico,
21,84,nolgbt_fobico,
21,261,nolgbt_fobico,
21,431,nolgbt_fobico,
21,459,nolgbt_fobico,
21,92,nolgbt_fobico,
21,478,nolgbt_fobico,
21,96,nolgbt_fobico,
21,66,nolgbt_fobico,
21,88,nolgbt_fobico,
21,304,nolgbt_fobico,
21,586,nolgbt_fobico,
21,566,nolgbt_fobico,
21,89,nolgbt_fobico,
21,382,nolgbt_fobico,
21,483,nolgbt_fobico,
21,446,nolgbt_fobico,
21,434,nolgbt_fobico,
21,378,nolgbt_fobico,
21,151,nolgbt_fobico,
21,551,nolgbt_fobico,
21,129,nolgbt_fobico,
21,258,nolgbt_fobico,
21,349,nolgbt_fobico,
21,34,nolgbt_fobico,
21,308,nolgbt_fobico,
21,62,nolgbt_fobico,
21,9,nolgbt_fobico,
21,465,nolgbt_fobico,
21,360,nolgbt_fobico,
21,407,nolgbt_fobico,
21,163,nolgbt_fobico,
21,525,nolgbt_fobico,
21,204,nolgbt_fobico,
21,55,nolgbt_fobico,
21,198,nolgbt_fobico,
21,205,nolgbt_fobico,
21,345,nolgbt_fobico,
21,527,nolgbt_fobico,
21,233,nolgbt_fobico,
21,20,nolgbt_fobico,
21,420,nolgbt_fobico,
21,596,lgbt_fobico,"28,43"
21,28,nolgbt_fobico,
21,76,nolgbt_fobico,
21,19,nolgbt_fobico,
21,445,nolgbt_fobico,
21,238,nolgbt_fobico,
21,230,nolgbt_fobico,
21,521,nolgbt_fobico,
21,106,nolgbt_fobico,
21,474,nolgbt_fobico,
21,108,nolgbt_fobico,
21,253,nolgbt_fobico,
21,25,nolgbt_fobico,
21,197,nolgbt_fobico,
21,31,lgbt_fobico,8
21,148,nolgbt_fobico,
21,323,nolgbt_fobico,
21,384,nolgbt_fobico,
21,560,nolgbt_fobico,
21,83,nolgbt_fobico,
21,93,nolgbt_fobico,
21,222,nolgbt_fobico,
21,178,nolgbt_fobico,
21,248,nolgbt_fobico,
21,86,nolgbt_fobico,
21,533,nolgbt_fobico,
21,116,nolgbt_fobico,
21,411,nolgbt_fobico,
21,480,nolgbt_fobico,
21,125,nolgbt_fobico,
21,352,nolgbt_fobico,
21,159,nolgbt_fobico,
21,512,nolgbt_fobico,
21,134,nolgbt_fobico,
21,582,nolgbt_fobico,
21,186,nolgbt_fobico,
21,562,nolgbt_fobico,
21,183,nolgbt_fobico,
21,336,nolgbt_fobico,
21,235,nolgbt_fobico,
21,166,nolgbt_fobico,
21,364,nolgbt_fobico,
21,90,nolgbt_fobico,
21,466,nolgbt_fobico,
21,435,nolgbt_fobico,
21,229,nolgbt_fobico,
21,168,nolgbt_fobico,
21,103,nolgbt_fobico,
21,370,nolgbt_fobico,
21,252,nolgbt_fobico,
21,98,nolgbt_fobico,
21,33,nolgbt_fobico,
21,372,lgbt_fobico,"40,41"
21,268,nolgbt_fobico,
21,158,nolgbt_fobico,
21,409,nolgbt_fobico,
21,59,nolgbt_fobico,
21,142,nolgbt_fobico,
21,348,nolgbt_fobico,
21,499,nolgbt_fobico,
21,489,nolgbt_fobico,
21,559,nolgbt_fobico,
21,508,nolgbt_fobico,
21,357,nolgbt_fobico,
21,576,nolgbt_fobico,
21,570,nolgbt_fobico,
21,454,nolgbt_fobico,
21,60,nolgbt_fobico,
21,291,nolgbt_fobico,
21,69,nolgbt_fobico,
21,518,nolgbt_fobico,
21,58,nolgbt_fobico,
21,224,nolgbt_fobico,
21,501,nolgbt_fobico,
21,81,nolgbt_fobico,
21,316,nolgbt_fobico,
21,264,nolgbt_fobico,
21,396,nolgbt_fobico,
21,95,nolgbt_fobico,
21,10,nolgbt_fobico,
21,269,nolgbt_fobico,
21,309,nolgbt_fobico,
21,540,nolgbt_fobico,
21,402,nolgbt_fobico,
21,444,nolgbt_fobico,
21,429,nolgbt_fobico,
21,184,nolgbt_fobico,
21,196,nolgbt_fobico,
21,173,nolgbt_fobico,
21,534,nolgbt_fobico,
21,225,nolgbt_fobico,
21,208,nolgbt_fobico,
21,485,nolgbt_fobico,
21,535,nolgbt_fobico,
21,462,nolgbt_fobico,
21,563,nolgbt_fobico,
21,451,nolgbt_fobico,
21,347,nolgbt_fobico,
