tuit,G,L,B,T,O
"â€”Bueno, pues ya pasÃ³ la euforia papÃ¡, ahora sÃ­ dime, este vestido es blanco o azul?
â€”Que me vale verga el color ya quÃ­tatelo pinche maricÃ³n!",1,0,0,0,0
"Esos de BTS se me hacen seres asexuales, eunucos o algo asÃ­ todo raro.",0,0,0,0,1
La partida de skywars que me ha hecho enojar mas que ninguna otra ven para ak marica url,1,0,0,0,0
"Se te acabo tu juego maldito joto asqueroso, esta me la pagas pq me la pagas, ğŸ¤­ğŸ˜¡",1,0,0,0,0
@Lunaazulada_ SerÃ¡ a los jotitos.??ellos prefieren las banderillas.ğŸ¤£ğŸ¤£ğŸ¤£ğŸ¤£,1,0,0,0,0
Me regresa el acento colombiano! Maricas mal paridos,1,0,0,0,0
@Bob_Chavez tu cola :/ yo solo respeto a las lesbianas y mujeres bisexuales â€¢3â€¢ Jajaja los jotos que.,1,0,0,0,0
"@goliveros QuÃ© pena @goliveros, de verdad quÃ© pena no cumplir con el estereotipo del hombre homosexual elegebetero, ideologizado,  unicornio, transgenerizado quedabien, que pide perdÃ³n por ser hombre, con el que tanto empatizas, pero como dice la canciÃ³n, ""no soy monedita de oro"".",1,0,0,1,0
@jdonadus puro joto en tu foto de avatar !! Jajaja url,1,0,0,0,0
"las tragedias que marcaron el 2021.

-legalizaciÃ³n del matrimonio homosexual.
-asalto al capitolio.
-protistas en cuba.
-Atlas y Cruz azul campeones.

por un 2022 lleno de bendiciones, Ã©xitos y alegrÃ­as y por menos tragedias.",1,0,0,0,0
"Jefe, ese puÃ±al es un botarate o sea, un PENDEJO. Saludos. url",1,0,0,0,0
"Your score : 67.101, Try again! I think you can do it well! url

Los reto pinches puÃ±ales: @samuelpi_ @markcups @santa_nero 
Saque 67, no sean tramposos y contesten que sacaron a la primera.",1,0,0,0,0
"Â¡QUÃ‰ POCA MADRE! Â¡PERO EL JOTO @ManceraMiguelMX Y LA MACHORRA DE LA @CDHDF PREFIEREN DEFENDER A LOS MALDITOS DELINCUENTES!

#PenaDeMuerteYa url",1,1,0,0,0
"Homosexual: persona que le gusta otra persona de su mismo sexo
Puto: el que lo lea 
#Mecausogracia #EHHHHHHPUTO!",1,0,0,0,0
TÃ­pico que van a jugar gotcha y se cubren como con 10 chalecos de kevlar los muy homosexuales.,1,0,0,0,0
@JoseRive_ @navarreted96 @ailed_merida Maricas ustedes yo no,1,0,0,0,0
"Es de jotitas muy corrientitas hablar y cortar palabras como ""obvi"" ""celu"" ""bendis"" o decir como locas palabras en inglÃ©s en una conversacion espaÃ±url Y si a eso le aunamos el tonito caguengue tipo mÃ­a colucci en versiÃ³n url peor",1,1,0,0,0
PUTOS TODOOOOS,1,0,0,0,0
"Las famosas ""lesbianas"" no llegan a ser del todo homosexuales. Siempre querrÃ¡n tener algo url Just saying. Â¯\_(ãƒ„)_/Â¯",0,1,0,0,0
@abraham_mel ni das nada maricon!!!,1,0,0,0,0
"Si la que te gusta tiene un amigo gay, automÃ¡ticamente se vuelve una mamila en url",1,0,0,0,0
@_elan_ @OsirisMiguel Un mariquita menos :3,1,0,0,0,0
@silver_rwolf @CarlosQ04929914 @jjsc30 No le hagas caso a esos gays reprimidos amistad mientras yo sepa ke es mayor de edad basta y tengo pruebas ademÃ¡s nadie le pidiÃ³ ke viera mis fotos. Mejor ke se ponga a trabajar viejo senil solo roba el oxÃ­geno a los demÃ¡s ğŸ˜‚,1,0,0,0,0
Pide a @Disney que no adoctrine a nuestros hijos con ideologÃ­a de gÃ©nero en sus programas infantiles. FIRMA:  url â€¦,0,0,0,0,1
"@GranTocin0 Por fin se te quito lo puto, celebro.",1,0,0,0,0
@kai_leonardo Uy un joto,1,0,0,0,0
@victormonroy1 P.D. Activa la cuenta de puto grupito pinchÃ© maricon cobarde,1,0,0,0,0
Hay mujeres que parecen travestis ğŸ˜§ğŸ¤­ #SorryNotSorry,0,0,0,1,0
Los trolebuses del desgobierno de @EPN son idiotas. Uno se pone Valeria y dice que tiene pito O es travesti o tiene el clitoris desarrollado,0,0,0,1,0
"Si la gente supiera que eres un marica que manda Biblias por WhatsApp, se te caerÃ­a tu teatro de ""Me siento bien vergas""",1,0,0,0,0
PorquÃ© serÃ¡. url de maricones. ...ğŸ˜ ğŸ˜¬ url,1,0,0,0,0
"@LaTortilleriaQ si vamos a hacer un vagÃ³n ""seguro"" que incluya a hombres gay y saquen a lenchas

/@0ctavioGuerra @appleninde @InmujeresCDMX",1,1,0,0,0
"Vato marica metiendose con una url
#LordCafe 

A ver si la raza saca quien es. url",1,0,0,0,0
Cuando las lesbianas salen a comer quien paga la cuenta? #YoMisogino,0,1,0,0,0
"@valndin Esos que te dijeron eso son gay, los hombres no rajamos y diles que digo yo. url",1,0,0,0,0
@hectorghs @BullyingFutbol pinches jotos.,1,0,0,0,0
"Por puto, por joto, porque asÃ­ es MÃ©url lo sÃ©. #Must por el maestro @fdelcollado url vÃ­a @mexicopuntocom",1,0,0,0,0
Si quieren que tome su opiniÃ³n en cuenta procuren no ser unas locas que andan enseÃ±ando las nalgas en redes sociales. Â¿Ven por quÃ© la gente nadie respeta a la comunidad LGBT? Porque se comportan como unas prostitutas sacadas de Sodoma y Gomorra.,1,1,1,1,1
@mvegab17 @iloveRamgsi Que marica.,1,0,0,0,0
Nunca habÃ­a visto a tanto maricon reunido.,1,0,0,0,0
@pereaoficial jajajaja url puto,1,0,0,0,0
@alexduartte ta bueno joto despues lo veo,1,0,0,0,0
@Fer_Gay @TheRock @AlexMonthy A mÃ­ @HectorTrejo me inspirÃ³ recordÃ¡ndome esta canciÃ³n: url,0,0,0,0,1
"Transitan echÃ¡ndote las luces largas segun tienen prisa,te rebasan a lo menso y adelante los alcanzas en el semÃ¡foro, tan mas #mariquitas",1,0,0,0,0
Ando de mariquita oyendo mÃºsica romÃ¡url saben quien soy ahora ?,1,0,0,0,0
Otro joto obsesionado con su peso. Wurl,1,0,0,0,0
Estupido marica mentiroso ignorante  @realDonaldTrump como confunde 911 una tragedia tan marcada para EU y #NewYork url,1,0,0,0,0
@davidolin65 @Cherry_Lune @DanielCoach3 @edufabila11 espero dejes de contestar con esa imagen de maricÃ³n y ya entrenes,1,0,0,0,0
No es posible que un #gay no se sepa las #canciones de @GloriaTrevi !!!!! ğŸ™„,1,0,0,0,0
"url

#eitLife Me gustarÃ­a  que no existirÃ¡n los gays; diputada de Morena url",1,0,0,0,0
"@_TioGamboin Al menos los de acÃ¡ de Oaxaca no nacemos tan mongoles y gays como un tal ""GamboÃ­n"" te podemos hacer desde un ""taco al pastor"" (de trompo tienes el cuerpo) hasta darte tu ""sushi"" claro su- url ğŸŒ¶ ğŸ˜‚ğŸ˜‚",1,0,0,0,0
Vergas con el Gay que me acaba de hablar?,1,0,0,0,0
En un universo alterno @AlxnGxrcix es chairo y @dobbyloca no se volviÃ³ puÃ±al.,1,0,0,0,0
Pinches jotos #CivilWar #TeamIronMan #TeamStark url,1,0,0,0,0
Hay algÃºn jugador mÃ¡s puto y maricon que Gago???? @MatiDiGia,1,0,0,0,0
"Neologismos.
Maricomio : psiquiÃ¡trico para locas, maricas y gays.
Apapuchar: AcciÃ³n de consentir al pubis.
Sopervisor: supervisor torpe.
@lacornetafm @jrsestaca @EVIDEGARAY #nuevoneologismodehoy",1,0,0,0,1
@PepeMontalvo @cometa_ es un puÃ±al.,1,0,0,0,0
"Jajaja ... espero que tÃº tambiÃ©n aguantes y te rÃ­as cuando los epÃ­tetos lanzados a las mujeres  por el simple hecho de serlo te toquen a ti: â€œmaricÃ³nâ€, â€œmal cogidoâ€, â€œhistÃ©ricoâ€, â€œmenopÃ¡usicoâ€, â€œvisceralâ€, â€œninguna verga te acomodaâ€, â€œpinche viejoâ€, â€œestridenteâ€, â€œbrujoâ€ y mÃ¡s. url",1,0,0,0,0
@JhonatanGaribay ajajajaja si no es que se huanguea tu puÃ±o y se vuelve puÃ±al como manuela palma xD,1,0,0,0,0
"""QuÃ© marica, te lo debiÃ³ de haber dicho de url Bueno, pero ni le das la oportunidad jaja."" 
â€”Onofre diciÃ©ndome mis verdades.",1,0,0,0,0
CreÃ­ que era AnahÃ­ pero sÃ³lo resultÃ³ ser un trans. url,0,0,0,1,0
@keevii08 Amor yo t doy besitos para q ya no chilles q maricon eres babe,1,0,0,0,0
Machorra y americanista ğŸ¤”,0,1,0,0,0
@lupillesco @Milenio SÃ³lo quiere llamar la atenciÃ³n el joto,1,0,0,0,0
"@javier8bello @ChivasFemenil Jajajajaja ya Se we, si asÃ­ tengo pegue con los jotos con esa mÃ¡s ğŸ¤¦ğŸ»â€â™‚ï¸",1,0,0,0,0
Caminar por zona rosa y no ver gays es genial ğŸ‘ŒğŸ¼ğŸŒ ,1,0,0,0,0
@juanistofelez Crei que nada superarÃ­a al de multa por marica ğŸ˜,1,0,0,0,0
explÃ­quenme la urgencia de los jotos de hacer reels o tiktoks con peluca y voz de mujer,1,0,0,0,0
"@mexico_survivor Que se termine este pinche teatro 
Si ya tienen su ganador la producciÃ³n y el joto del Warrior , pinche decepciÃ³n de reality
tener que ver ese adefesio llamado Naomi el transformÃ© que se pudran todos los que quedan disque compitiendo.",1,0,0,0,1
Maricon  @puliidooo url,1,0,0,0,0
"Nombres de PuÃ±al:
Leonardo 
Emmanuel 
Sergio
Omar
SaÃºl
Eric
Eduardo
Rodrigo
Jorge

Ese es todo el tuit gracias por su atenciÃ³n",1,0,0,0,0
"Vecinos! Esta noche proyectaremos con @FESTIVALMIX el documental de @flavioflorencio para @ViceMexico: Â«TransÂ»! 8 pm, CallejÃ³n del 57! url",0,0,0,0,1
"@kymberlybebita @AlexisR34751565 No lo tomen en cuenta, los va a dejar plantados el maricon pocos huevos este. url",1,0,0,0,0
"Â¿ Crees correcto que no podamos utilizar la palabra maricÃ³n porque nos sancionan?
La RAE la avala url",1,0,0,0,0
Ay! Que pinche marica me saliste.,1,0,0,0,0
"Beto y Enrique de Plaza SÃ©samo eran pareja, tenÃ­an que salir con esto. Â¡Por favaar, a fuerza  tiene que ser todo gay!",1,0,0,0,0
"@CriSzis @TheNifel @marcelamerino @FrenteOrgulloMX @adrianodanz @CoalicionLGBTTI @NoticiasLGBT @tagletaigaro @luisperelmanmx @jrisco @JohnMAckerman @CiroGomezL @Movilh @jenarovillamil Si. Hueva. Da la misma que una jota sea un puto o una pasiva. Â¿Para que diferenciar entre oso, activa y twink? Pinches categorÃ­as innecesarias de maricones y afeminados. Todo es lo mismo que â€œGayâ€.",1,0,0,0,0
@CaroRuix ahhh no entonces es una amiga closetera mas !,0,1,0,0,0
@Johnnyvgarcia @bobbypulido425 @La_Gr0sera el @PezdelReal tiene como 1 semana sin url debe andar pedo! Pinche tigre Joto!,1,0,0,0,0
@Will_FuckU marica ahorita bajo :) vos por cierto todavÃ­a sirve transformer JAJAJAJAJAJAJA cuando entras a estudiar ?,1,0,0,1,0
@SoyEcchi @mayatitos ğŸ¤¤ğŸ¤¤Quiero.,1,0,0,0,1
Tengo gustos bien maricas.,1,0,0,0,0
@elmorfeus por eso luego salen jotos y travestÃ­s los chamacos!!,1,0,0,1,0
"@Alejand53455108 @PhilPage30 @ChumelTorres AhÃ­ lo dice claramente, aparte de joto,mitomano? url",1,0,0,0,0
@justinbieber pinchi maricon me la chupas,1,0,0,0,0
Te dijeee!!! Borrado por fÃ­n y tambien de la selecciÃ³n con su lesiÃ³n de marica tambien borrado @Fer_capital  url,1,0,0,0,0
@xevtfm si puro joto andaba chupando caÃ±a,1,0,0,0,0
"""Â¡Marica!"", le gritaron, y desde entonces se guardÃ³ en un clÃ³set.",1,0,0,0,0
@julioorojo Primero que nada buenos dÃ­as y segundo ya se te quito lo joto?,1,0,0,0,0
"Los gays que dicen ""Bro"", namames, te la comes doblada y me vienes a decir ""bro"".",1,0,0,0,0
"Lia Thomas, matriculada en la Universidad de Pensylvania, ha dominado la nataciÃ³n femenil universitaria de Estados Unidos, lo cual no hacÃ­a cuando hasta hace unos aÃ±os competÃ­a como hombre. Â¿Esta situaciÃ³n es a favor de la mujer? url",0,0,0,1,0
@adrianrm196 Me puedes criticar pero llamarme afeminado es tremenda falta de respeto. Como buen milenial no mides bye,1,0,0,0,0
"-Jajaja piiiinche joto, quien te pinto las uÃ±as joto?
-Tu mamÃ¡",1,0,0,0,0
Ya casi es Junio y tu sigues de puta #ElGorgojoDeMORENA,0,0,0,0,1
@Chivas jotos maricones como @jorgevergara  url,1,0,0,0,0
Me dan mucha risa los memes de la jota de caso cerrado ğŸ˜‚ğŸ˜‚ğŸ˜‚,1,0,0,0,0
Cervezas light??? Jotos tenÃ­an que ser!! ğŸ™„ğŸ™„ğŸ™„ es lo que hay! @ Embarcadero Nuevo de Nativitas url,1,0,0,0,0
"El sabado: para quiÃ©n debe ser el mensaje del festejo de viejito con bastÃ³n

Lunes: Pum!! Por andarle jugando al vergas, me lo mandaron a la chingada 

En Computrabajo puedes buscarle como "" Recamarera "" 

Maldito marica",1,0,0,0,0
"@_mikastro No tiene nalgas, si es lesbiana jajaja",0,1,0,0,0
Me tienes envidia maricÃ³n!!,1,0,0,0,0
@SergioSarmiento @fernandeznorona Entre mÃ¡s viejo mas pendejo y mÃ¡s maricon Norona.,1,0,0,0,0
"@AlanPonce_29 @Nora_Ruvalcaba @RoyCampos @PGR_mx @TwitterSupport @RickDjMx @emarthaaide @ileana_Mex @sofimenem @CarlosTorresF_ @ManuelVegaCln @carmen_olvera @ysenger @MagdaGraciasFCH @AmyCe2 No manches.

Eso es de maricones.

Tirar a alguien de una silla de ruedas es no tener madre.

Pero a quÃ© no lo hacen en un mitin, porque les va como al Ruso ese que madr
earon por prepotente",1,0,0,0,0
@poqkeeet Porque Eres Un Vato ğŸ™„ Puta Lencha,0,1,0,0,0
Ya cualquier puÃ±etas crÃ­tica a lo pendejo y a la hora de responder url Pinches jotos,1,0,0,0,0
HaciÃ©ndosela de pedo a jotos useless,1,0,0,0,0
@HeeyWera pff es bien marica,1,0,0,0,0
@url  Y esperabas tu arcoÃ­ris ğŸŒˆ marica?,1,0,0,0,0
"""@JBDzul: @bbakiut @gerarddelrivero  oye pitayo no seras joto ğŸ˜""//si quieres te demuestro que no soy joto",1,0,0,0,0
"Felicidades a todos los jotos que si bien no son madres, han cargado con los chavitos de otro ğŸ˜˜",1,0,0,0,0
"@Pajaropolitico @NewsweekEspanol QUE CHINGUE A SU MADRE ELLO, PORQUE ES JOTO, Y SU MADRINA EL ORATE RT",1,0,0,0,0
No entiendo porque existen hombres tan maricones !! DIOS MIOOOOOO! Que. Penita,1,0,0,0,0
@El_Universal_Mx MÃ¡s bien un transgÃ©nero jamÃ¡s serÃ¡ igual a una mujer.,0,0,0,1,0
@A_Yuls  haha los maricones ya no jugaron XD,1,0,0,0,0
"Las de Kittie parecian lesbianas, no como las mystica girls, ellas son bien femeninas",0,1,0,0,0
"@johnerencastle Eduardo VerÃ¡stegui terminÃ³ de mayate de polÃ­ticos, le deja mÃ¡s que trabajar en Televisa.",1,0,0,0,0
"noche de sushi, es lo mas gay",1,0,0,0,0
Magnate ofrece 130 mdd al hombre que conquiste a su hija lesbiana url,0,1,0,0,0
@fernandeznorona Por mi arrÃ¡ncatela viejo joto,1,0,0,0,0
@FelipeCalderon Una botella de alchol para este borracho pendejo q en su secsenio nunca bajÃ³ mucho menos en el del maricon de peÃ±a,1,0,0,0,0
"Es de jotitas muy corrientitas cortar las palabras como para verse ""nice"" o de plano son muy wuebonas para escribir y url 
Que hueva cuando hablan asÃ­ de ""celu""""pelis""""bendi"" url",1,0,0,0,1
@Maxi_HP @frankymostro no manches ese es un transformer,0,0,0,1,0
@Sigfridoma @dan_sfn Ya ves!!!!! No dejas de ser el gordito sentimental de la@lÃ­nea ofensiva jajaja QUE GAY!!!!!,1,0,0,0,0
"Si se dan cuenta que le estÃ¡n subiendo el ego a un joto tapado, VERDAD?",1,0,0,0,0
Y el premio de los mellizos putos es url url,1,0,0,0,0
@divette10 Pose de lencha alfa ğŸ¤£,0,1,0,0,0
"No tengo nada en contra de los trans, pero me da mucha risa que enseÃ±an todo. Si en realidad fueran mujeres quizÃ¡ no se atreverÃ­an. ğŸ˜‚",0,0,0,1,0
"@TakerMetal No, solo digo que yo comencÃ© mi dÃ­a a las 6 asÃ­ que mi dÃ­a ha estado chingon :v tu eres el puto que de cualquier cosa te gusta andar alegando xd",1,0,0,0,0
@gerrykan @MarcoFabian_10 ay! ay! tÃº las traes. MaricÃ³n.,1,0,0,0,0
No mms pinche @neymarjr marica que te pico una hormiga o que,1,0,0,0,0
SerÃ© Breve: Pinches americanistas maricas.,1,0,0,0,0
A los Ãºnicos que yo voy a respetar su decisiÃ³n y decir que es no binario son a los hermafroditas o sea en todo el mundo es menos del 1% el cual al dÃ­a de hoy no he visto a ninguno confundido pidiendo que les reconozcan como no binario jaja,0,0,0,0,1
Tenia que ser su hermano jajaja igual de pinches jotos los dosğŸ˜‚ğŸ˜‚ğŸ˜‚,1,0,0,0,0
@Matador08640286 @carwega Jajaja todo un mayate papi dile a tu presidentito jajaja los de la marina parecen mayates bueno son,1,0,0,0,0
"@EzeTowers @_Anagantios_ Yo tambiÃ©n, literal tiene lo peor de los dos lados de los jotos las tÃ³xicas quesque de masculinas que no mandan cara y las jotillas liosas, y lo peor ni cogen jajaja",1,0,0,0,0
"O mejor ""todos"", q incluye femenino, masculino, transgÃ©nero, homosexual, bisexual y lo q esta semana agregue la correcciÃ³n polÃ­tica. url",0,0,0,0,1
"@genarolozano @gabrielguerrac En la cÃ¡rcel marica, donde deben estar los delincuentes que infringen la Ley.

Como los que hicieron esto a un policÃ­a de Guadalajara url",1,0,0,0,0
"No  se conforman con ser jotas, tienen que ser feas y, encima de todo, hablar como niÃ±as.

Â¡VER-GA!",1,0,0,0,0
Maldito marica envidioso. Deja de criticar. &gt;.&lt;,1,0,0,0,0
@Gay_bulge Hermosa!,0,0,0,0,1
"Tengo familiares Gay, Trans y lesbianas a los que amo muchÃ­simo. Pero ellos tienen sus propios concursos, Miss universo si deberÃ­a ser solo para mujeres. url",1,1,0,1,1
@Santiagodelacm puÃ±al,1,0,0,0,0
@Ricardo_Jaar El mariconcito de Emilio atacÃ³ con alevosÃ­a y ventaja! Como buen joto!,1,0,0,0,0
"Ser homosexual implica que nunca hay agujero equivocado.

Punto para los gays.",1,0,0,0,1
"Ser tortillero me hace lesbiana?

Cco
@oliver_mx url",0,1,0,0,0
@FresaTigre @lunancys12 @blanks_rayada Te vez mÃ¡s joto sin barba,1,0,0,0,0
"Si creen que a las Argentinas no les importa nada, no saben lo que son en Mexico ğŸŒ¶.
Pd: Ya me quisieron coger dos gays ğŸ§ğŸ‘ğŸ½",1,0,0,0,0
@Reporte_Indigo pinche joto mejor me la hubieras mentado jajajaja,1,0,0,0,0
"@florentinakane @HugoChappaloni @mexican_fifi Yo no tengo nada en contra de los homosexuales,lesbianas, travestis, transexuales etc, etc, para nada. Pero como ya hubo un caso, osea hay un antecedente Â¿porquÃ© tenemos que arriesgar a las mujeres o niÃ±as a que vuelva a suceder?
Es mi opiniÃ³n. Pero ""ojo"" no es ley. Cada quien.",1,1,0,1,0
"-MAMÃ!! Y ESA PLAYERA CON GANSOS ROSAS QUE!? 
-Es la que me pediste
- TE DIJE: GUNS AND ROSES! GUNS AND ROSES! 
-PONTE LA PLAYERA JOTITO
-Ay",1,0,0,0,0
Â¡Â¡ChingÃ³ a su madre nuestra puta moral!!,0,0,0,0,1
Un putito asÃ­ url,1,0,0,0,0
@moruzhalee es que tu sabes que ha esta hora se me sale lo marica xD y no finjas que tu tambien me dices cosas lindas /.* [que weca x) ],1,0,0,0,0
@MichMich92 @Tusico Siempre es sabido que siempre se burlaban de Renata hasta que ella en un antro le aventÃ³ una cheve a JosÃ© y estos la quemaron en las redes por naca y salvaje. Ella solo se defendiÃ³ del bullying que ese joto le hacÃ­a.,1,0,0,0,0
"@s0fpi @rochaperiodista Oye si, ese niÃ±o ya es el escudo infantil oficial de la agresividad closetera de la dama. AsÃ­ que ni se quejen de los malos tratos que le propina al morrillo que ya deberia de estar acostumbrado!",0,0,0,0,1
"Todos tenemos ese amigo que dice ser gay Ãºnicamente para sabrosear a sus amigas ğŸ˜‚ğŸ˜‚
Bien ahÃ­ campeÃ³n",1,0,0,0,0
"@fernandeznorona AhÃ­ si, me dijo mariquita, me dijo La vestida! Jajajajja jajajaja que nena eres! #quenenaeresnoroÃ±a",1,0,0,1,0
"@acelerinoDJ bloody mary?!! pide una cerveza eso esta muy de tremendo marica ,considero",1,0,0,0,0
@AdriannaGarco que marica! Hahaha mejor riiifate en el final!,1,0,0,0,0
@tuca_ferretti @MiguelHerreraDT si  que paso pinche piojo puÃ±al jajajajaja   profe tuca es lo mÃ¡ximo usted   vamos por la  sexta copa  :),1,0,0,0,0
Que estarÃ¡ haciendo la machorrita  @felip87,0,1,0,0,0
@JTrianaT @ElJuntapalabras Un 'puÃ±al' mugroso,1,0,0,0,0
Les jurooooo que no querÃ­amos bailar tan joto ğŸ˜‚ğŸ˜‚ğŸ˜‚ğŸ˜‚ğŸ˜‚ğŸ˜‚ğŸ˜ˆ @danieltvherrera @arturomapacheâ€¦ url,1,0,0,0,0
#EntÃ©rate Descubren reproducciÃ³n asexual de pez sierra url url,0,0,0,0,1
"""Dejen de tuitear sobre el partido, ya empezÃ³ Gaim Of trons""

- Un pendejo mariquita.",1,0,0,0,0
"Yo y mi sÃºper poder de tener a puro fan, JOTO! QUE HORROR",1,0,0,0,0
"Mi hijo tiene tendencia homosexual Â¿quÃ© hago? url
â—Padres &amp; Hermanos Paulinosâ— url",1,0,0,0,0
"Mira pendejo tu mides como 1.50 mts.
No tienes piernas ni nalgas, estÃ¡s feo y prieto, y para terminar, porque juzgas, no me conoces, no te enseÃ±aron respeto en tu casa?
Que no sabes que uno no debe entablar conversaciÃ³n con url #Envidioso tÃº eres marica",1,0,0,0,0
"@PacoDelMazo Literal Paquito, me cago! Me harto la jota!",1,0,0,0,0
JAJAAJAJAJAAJAJAJAJAA estos jotos no le temen a dios url,1,0,0,0,0
@ESTiosBuenos @HoIaSoyGermam eres un corriente homosexual de closet siquiera reconÃ³celo a nadie le importa,1,0,0,0,0
"Por QUÃ‰ NO LE DICEN A ESTA LESBIANA QUE CALLADA SE VERIA MEJOR NADIE LE PIDIO SU PERRA OPINION Y ANTES DE HABLAR QUE SE LAVE EL HOCICO CON AGUA BENDITA LA SEÃ‘ORA VERÃ“NICA CASTRO ES UNA GRAN DAMA Y UNA GRAN MUJER .
SE TENÃA QUE DECIR Y LO DIJE url",0,1,0,0,0
"Al final de la transmisiÃ³n del Cazul-Ame por la App de @TD_Deportes ponen a @CarlosLoret a hablar mal del @lopezobrador_ , televisa eres una arrastrada, que hace el coyon en un programa de deportes? Por eso te quieren dejar sin dientes marica #RedAMLO #LoDiceElSultÃ¡nDelNorte",1,0,0,0,0
AlgÃºn dÃ­a me voy a casar con Puerto partida (Soy un marica digo soy un cobarde),1,0,0,0,0
Sabes que un hombre es gay cuando pone un playlist de RocÃ­o DÃºrcal.,1,0,0,0,0
@Oswaltol1 Eres Joto verdad?,1,0,0,0,0
Llega un jotito a una taqueria le dice seÃ±or taquero meda un taco con chile nooo mejor sin taco y 5 por favor jojojojo ğŸ˜‹,1,0,0,0,0
Malditos changos panameÃ±os hijos de puta ya andan de maricones!,1,0,0,0,0
@xneritax bien que te gustaba el pequeÃ±o marica :P,1,0,0,0,0
"@barbarasanz7 @ijcasas GrandÃ­simo patan, corriente y maricon",1,0,0,0,0
"Quieren un mundo #SinHomofobia pues que desaparezcan los jotos, maricones, putos, gays, lesbianas, machorras, tortilleras y demÃ¡s sinÃ³nimos",1,1,0,0,1
Que maricas se ven los Corazones en cada #Tweet !,1,0,0,0,0
@ChaloLeite ahora pinchi joto gracias,1,0,0,0,0
"Wey, peda con rolitas de Lady Gaga, no porque me sale la jotita interna",1,0,0,0,0
@josecap97 Porque la vida te odia joto,1,0,0,0,0
Puto pelon de mierda @LIGABancomerMX  los odio mueranse a la verga putos ChacÃ³n y ustedes putos corruptos a la mierda los odio,1,0,0,0,0
"Me considero un ser de luz!
(Pero nunca le rendirÃ© tributo a CFE) bola de jotos !",1,0,0,0,0
"Rayos, me bloqueo el marica",1,0,0,0,0
@Enfranjados_DC @RayValenciaT Y los supuestos audios que tenÃ­a. La agresiÃ³n a los aficionados. Es todo un maricon ese Pepillo Hanan,1,0,0,0,0
Esta el joto que siempre se me queda viendo ğŸ¤¦ğŸ»â€â™‚ï¸,1,0,0,0,0
"#MePongoBorrachoPor puro gusto, nada por depresion eso es para maricas! xD",1,0,0,0,0
"Si muchas vestidas agregadas has de tener, mayate has de ser",1,0,0,0,0
"Â¿Saben como fue que Sheinbaum desapareciÃ³ el cuerpo de granaderos? 

Exacto. Los volviÃ³ bisexuales. MAFIA GAY.",1,0,1,0,0
"Nodal es la lesbiana intensa de la relaciÃ³n.

Siono.

@elnodal @belindapop url",0,1,0,0,0
@RICARDOPELAEZ9 marica,1,0,0,0,0
"Mis felicitaciones por este medio a los dos putos de la 4 shit @AntonioAttolini  y @gibranrr no son gays pero ,si se los siguen cogiendo , si se pueden hacer ! url",1,0,0,0,0
"â€œCualquier actor o actriz puede hacer cualquier papelâ€, ustedes trans como molestan.

Ya los veo si hubieran propuesto a Halle Berry para ser el prÃ³ximo Batman.",0,0,0,1,0
Maricas url,1,0,0,0,0
"El que se cree bien macho y disque Influencer pero realmente @SoyRobRMX es marica y puÃ±etas que le gusta el color rosa y que se pone un mameluco de niÃ±os. ğŸ¤£

#ConLosNinosNo #RedAmlove #OposicionMoralmenteDerrotada @gallotal #RedAMLO @rorocanibal url",1,0,0,0,0
"-Â¿Me da un 12 de Tecate light?
-Â¿No quiere unos tacones tambiÃ©n, pinche marica?",1,0,0,0,0
"Â¿En quÃ© momento @Tinder permitiÃ³ que el apartado de mujeres se llevarÃ¡ de homosexuales que fingen ser mujeres?

Y todavÃ­a cobran por verlos.

EstÃ¡s fracasando, @Tinder.",1,0,0,0,0
"RÃ¡pido.. Â¿CUÃLES ERAN ESAS RESPUESTAS?

Also ""pitonisa"" es un excelente nombr alburero para una mujer trans. url",0,0,0,1,0
"@juncalssolano Callase el hocico pinche transformer matraquero, url",0,0,0,1,0
Mi @ConchitaWurstQue Pitos Toca En Los #GoldenGlobes??? Maldito Joto Feo!  url,1,0,0,0,0
QuÃ© fuerte #Epn ya olÃ­as a #putito url,1,0,0,0,0
@Alex_16ec @sopitas @greciaplg PensÃ© que ya no podÃ­as ser mas joto ahha,1,0,0,0,0
#vucetichmeteme Todos los de Veracruz son jotos! Jajajajaja,1,0,0,0,0
"Aaah, viejillo maÃ±url puÃ±al, dirÃ­a yo url",1,0,0,0,0
"Digo, la idea no es satanizar ningÃºn modo ser mujer. NingÃºn modo es mÃ¡s correcto. Solo me sorprende lo COMÃšN que es la vieja trans sexuada. url",0,0,0,1,0
no justin porqueeeee!! porque te me hiciste gay tu tambien :(,1,0,0,0,0
"fernanfloo no as hecho lo que te dige de geometry dash que juegues otro nivel que no sea online o eres marica, puto miedos de mierda maricon",1,0,0,0,0
"@eddy_tigre22 @VladimirGarciaG @Tamedamus @FJG_TD AcÃ¡ hay uno del 2021, de hecho un twitter search â€œrayado mariconâ€ y hay de todos los aÃ±os url",1,0,0,0,0
@Olbaid666 @Cristiano Esta medio gay tu pregunta jajaja pero si el cabello largo viene de moda dale micky,1,0,0,0,0
@_TioGamboin Ya valiste verga con tu url Lo ves? Soda es de jotos.,1,0,0,0,0
"La chinita sigue creyendo que el Frank es ""hombre""

Hasta mayate tiene en el gimnasio.",1,0,0,0,0
"Que joto queriendo hacer un gol, fingiendo una falta.  

#Tipicodelamerica",1,0,0,0,0
"Y ese JAVIER a la torre que? Si ni siquiera sabe si es hombre o que? Experto en mentiras y ediciÃ³n de noticias, deberÃ­an de vetarlo hasta del mundo de los homosexuales. Mariquita sin calzones url",1,0,0,0,0
Traguese bien la verga o lo madreo puÃ±al url,1,0,0,0,0
"Pinches cientÃ­ficos pillos. Economizar el desarrollo de biocombustibles? nel, vamos a investigar cuÃ¡les animales suelen ser bisexuales, lol",0,0,1,0,1
"-Eres de mente abierta
-No porque?
-Y esos homosexuales
-No seas culero, son alumnos de la @UVM campus tuxtla.",1,0,0,0,0
No cabe duda que yo me visto medio vato y el se viste super gayğŸ˜‚ğŸ˜‚ğŸ˜‚ğŸ˜‚,1,0,0,0,0
Enojarse con Sean Penn es de mujeres negras. Negras y lesbianas.,0,1,0,0,0
"AsÃ­ nuestro MÃ©xico que consulta a un charlatÃ¡n y transexual para ver como le irÃ¡ este aÃ±o, dan hueva paisanos #MhoniEsHechiceroDeSatanas",0,0,0,1,0
Jueguen pinches jotos que para ser campeÃ³n le tienes que ganar a todos,1,0,0,0,0
Â¿Descansaron al joto asqueroso de Alex Kaffie para que @LuciaMendezP estuviera en @programa_hoy ? ğŸ˜‚ğŸ˜‚ğŸ˜‚ğŸ˜‚,1,0,0,0,0
Que chido estuvo el masaje! Lo cagante fue que al ultimo me di cuenta que era putoğŸ˜¶ğŸ’¥ğŸ”«,1,0,0,0,0
Si ya sabemos que te pones en cuatro por una chela y aquÃ­ vienes a tuitear que te haces la difÃ­cil. Jota ridÃ­cula.,1,1,0,0,0
Los vatos sacan el lado marica y las morras el lado sharmuta,1,0,0,0,0
"RT @danitafashion: Cuando de adultos deciden ser transgÃ©nero, pues va. Pero los niÃ±os son el reflejo de nosotros. Â¡No los contaminen! &lt; wat?",0,0,0,1,0
(Igual y cachamos a un transformer con este tuit. Y miren.. NO ESTARÃA PARA NADA TRISTE CON ESO),0,0,0,1,0
@hdzcontreras no sea joto capi,1,0,0,0,0
"QuÃ© jotos pero en fin, me caen bien jaja ğŸ˜‚ url",1,0,0,0,0
Â¿Tus papÃ¡s saben que juegas a la bisexual en internet?,0,0,1,0,0
@_MiguelJasso @Abril_luna2 Ni t metiste joto,1,0,0,0,0
"Mariquitas, Mariquitas, como niÃ±as siempre gritan. url",1,0,0,0,0
"Muero de risa cuando platico con un tipo que dice ser bisexual, activo sÃºper discreto, pero jamÃ¡s ha tenido novia y sus ex son pura jota ğŸ˜‚ğŸ˜‚ğŸ˜‚",0,0,1,0,0
Nada mÃ¡s peligroso que un joto con Autoestima demasiado alto!,1,0,0,0,0
@Reporte_Indigo Cuando los hombres den a luz en una sociedad pervertida y degenerada dominada por transgÃ©neros sÃ­.,0,0,0,1,0
@joker_hl @GerardoAtayde8 Cero y van dos puÃ±al.,1,0,0,0,0
"Te mandaron al chorizo, puÃ±al. url",1,0,0,0,0
"@LiLHeathenMMA pinche joto maricon, decepcionante tu participaciÃ³n, jamÃ¡s pagarÃ­a por verte nuevamente en el octÃ¡gono",1,0,0,0,0
No me deja de doler la panza por todo lo que he comidoğŸ˜–Que pasÃ³ amigo? DÃ³nde quedÃ³ ese estÃ³mago de hierro? nos estamos poniendo medio gays.,1,0,0,0,0
"@CiroGomezL @lopezobrador_ Vean como el presidente electo por 30 millones de ilusionados con un supuesto cambio, no cumple nada de lo que ofrece. Aunque se trate de casos de vida o muerte. Ahora despuÃ©s del niÃ±o ahogado @lopezobrador_ reacciona, no por apoyarlo, sino por intentar no ser impopular. Maricon.",1,0,0,0,0
@NiurkaMarcosTv Creo que usted viene de una relaciÃ³n gay o lÃ©sbica verdad o es extraterrestre pero  confunda el amor como usted dice con una cogida. Los hijos sagrados y usted no tiene carÃ¡cter social ni etico ni moral solo es su vana expresiÃ³n queda shows. Por 1ra vez contigo  @_PonchoDeNigris,1,1,0,0,0
"En una sociedad donde las preferencias sexuales son una moda y no una libre elecciÃ³n aparentemente innata, aborrezco a los ""homosexuales"".",1,1,0,0,0
"Intensamente y Creed, todo lo demÃ¡s estÃ¡ de hueva, pretencioso y gay te odio puta chica danesa",1,0,0,1,0
@charlsjav Pinches jotos,1,0,0,0,0
Y la jotita MichoacÃ¡na?,1,0,0,0,0
9 puÃ±ales viÃ©ndose fijamente. url,1,0,0,0,0
@MaricelaArnaiz @_Bisou_Caramel_ No soy puÃ±al.,1,0,0,0,0
@Erik__Ra No uso desodorante ni artÃ­culos homosexuales yo huelo a hombre,1,0,0,0,0
@kazitas78 Se ven bastante jotos,1,0,0,0,0
@julio_t9 @CARandDRIVER @Hennessey_Perf que marica,1,0,0,0,0
@gaboo_o  e joto invitate a ver el juego el sabado jijiujiuj,1,0,0,0,0
Poropompom el que no salte es un chemo maricon,1,0,0,0,0
@oficial_AAAdave @Margarita_Ramss @TonyElpatron97 Calmate afeminado,1,0,0,0,0
CÃ³mo por quÃ© tiene 6 favs putos url,1,0,0,0,0
Puto el que lo lea :v,1,0,0,0,0
@MalignaBambola nonpues que esta ciego o que que una chica sexi te habiente el can .pues de plano es gay o algo le pasa y que mal por ti,1,0,0,0,0
Me sacaron una muestra de sangre ğŸ©¸ en la tarde y mi brazo aun siente dolor. Soy tan pinchÃ© maricon para todo lo que implique agujas en mi cuerpo que me da harta risa cuan joto soy #inyeccion #muestradelaboratorio #sangre #MTY url,1,0,0,0,0
"Todos ofendidos porque Molotov cantaba PUTO, wey en MÃ©xico el PUTO no lo vemos como sinÃ³nimo de â€œhomosexualâ€ PUTO es el que le pone salcita de la que no pica a sus tacos, el que le va al America, el que se ofende de cualquier pendejada, esos son los PUTOS! url",1,0,0,0,0
@_ItzelArizpe pero pues esta bien. No? Aclaro que lesbiana de las bonitas. De las que salen en las porno y asÃ­. No de las de Tacubaya,0,1,0,0,0
@_AngelAlcala @amealegarza OH RAYOS! YA VINO EL JOTO,1,0,0,0,0
@revistaproceso pinche joto!,1,0,0,0,0
@43Danielsh sin ser joto,1,0,0,0,0
@caderas_blancas @FerLeon_Mx @callodehacha @lopezobrador_ Mira nomÃ¡s! Y el hombre trans tiene escroto? Digo aprovechando el comentario,0,0,0,1,0
"@lord_inario No tiene, es puÃ±al",1,0,0,0,0
"@KMbappe @neymarjr Nel mi #Mbappe, que chingue a su madre el putito de ğŸ’© de #Neymar, un #AigrecitoJuerte y se cae pinque mariquita de miÃ©rcoles #ALV",1,0,0,0,0
Â¿Desde cuÃ¡ndo los jugadores de fut se volvieron tan homosexuales? url,1,0,0,0,0
"@Kali_ta Que renuncie este estupido presidente antiPorfirista, y que renuncien todos los del senado de la Republica por permitir que  los maricas y lesbianas, y transexuales sean respetados. DEBEN SER FUSILADOS.",1,1,0,1,0
"@Luzkabrona no sabÃ­a que eras lesbiana aunque sÃ­ tienes como tipo de machete, pero me sorprende que te encueresğŸ˜·ğŸ˜·",0,1,0,0,0
@EdgardBeltran @AlexBurruel1 no traen nada jotos,1,0,0,0,0
Esto estÃ¡ mÃ¡s montado que el pitÃ³ de una drag url,0,0,0,1,0
@normareyessolis los dos Jotazos ojalÃ¡ fueran homosexuales pero son maricas con poder y de closet secreto a voces!,1,0,0,0,0
@LilveronicaR @marica_1029 my sueÃ±o hecho realidad. ğŸ˜ url,1,0,0,0,1
@RenaSuspendido @PonchoGutz Ya no contesto el jotito,1,0,0,0,0
Es un homosexual reprimido y por eso estÃ¡ resentido con la vida url,1,0,0,0,0
"Alguien recuerda cuando saliÃ³ Justin Bieber con su sencillo ""Baby"" y todos pensamos ""que bueno que le den la oportunidad a una lesbiana""???",0,1,0,0,0
@RoVazquezL y es un joto pocos huevos. Si tienes foto: dm y la publicamos nosotros!!!!,1,0,0,0,0
@_MichelleSamano El niÃ±o parece doÃ±a cincuentona lesbiana del sur.,0,1,0,0,0
Este marica solo se quiere deslindar de sus promesas de campas. url,1,0,0,0,0
Ser valiente ponga #Foto y no Sea #Maricon  yo tengo mi foto @MarceTyS aunque tambiÃ©n algo tapada pero me pongo con ud ğŸœ url,1,0,0,0,0
RT @angelgcm: Malo que fuera joto jJajajajajajaja ğŸ˜‚ğŸ‘Œ url &lt; Que triste. Que fuerte ver a un chiquito hablar asÃ­. :(,1,0,0,0,0
"Lo que tienes de hablador, los tienes de PUTO",1,0,0,0,0
@WeritaAraiza No me veo con unos pantalones atigresados!! Que jotos jajajaja,1,0,0,0,0
"@JesusLopcorCSL @ElCarlosRdz @RamonUz11 Falta y quieras a la gilbertona wey, inche maricon jajajajajaja url",1,0,0,0,0
Pinche grupito de puros putos no mmes,1,0,0,0,0
Me he vuelto muy marica con las pelÃ­culas de amor. Me odio.,1,0,0,0,0
@52lindaG SiğŸŒš me gusta la pelea. Jijiji vamos a darnos en la madre mariquita,1,0,0,0,0
"@Mario__TAG @freddier Nono. CURSO PROFESIONAL De Eco Drag Race Car. * Estudiantes por los millones, se crowdsourcea un nuevo Tesla *",0,0,0,0,1
"Â¿A dÃ³nde te vas a ir de vacaciones?
-Nueva York
-Las Vegas
-ParÃ­s
-Londres.
Todas las jotas clichÃ©s que no se saben otros destinos.",1,0,0,0,0
"@edgaromarel @SoyDonParty @XoloElvis @Claudiashein @lopezobrador_ Aparte de joto con delirio de persecuciÃ³n, si te fuera a secuestrar van en comiendo y camionetas no en un taxi acompaÃ±ado de una niÃ±a. Chairo estupido.",1,0,0,0,0
@Eneberreache @carlosmaguey pos por marica,1,0,0,0,0
"@EstebanMqzG Que puto primero se burla de nuestro crack y luego llora cuando lo encaran 
#marica",1,0,0,0,0
"Por que hay puros PUTOS ahÃ­ ? 
Por que lloran como seÃ±oritas los hombres ? 
Son puros puÃ±ales ?  url",1,0,0,0,0
@DanielPolina21 marica,1,0,0,0,0
"Hay que promover unaÂ ley contra la propaganda homosexual, que condene la difusiÃ³n de cualquier tipo de promociÃ³n de laÂ homosexualidadÂ dirigida a menores de edad con multas y penas de cÃ¡rcel. url",1,0,0,0,0
"""Es que es url""

@sneeil ğŸ™ŠğŸ˜…ğŸ˜„",0,0,0,0,1
"@GlodeJo07 Puro pinchÃ© chairos y chairas huevonas que se pongan a chingarle y dejen de estar de mariquitas 
Por eso estamos como estamos por esta gente que no sirve para nada
A chingarle a trabajar y estudiar
Bola de bale madres como Ã©l gobierno chairo que tenemos encabezado por LÃ³pez ğŸ¤¬ğŸ’ª",1,0,0,0,0
@Danielcp08 No llore joto jaja,1,0,0,0,0
"Cc que Jotos los hombres que usan ""Cc""",1,0,0,0,0
Tener todos los Ã¡lbumes de Justin en iTunes no me convierte en gay verdad?,1,0,0,0,0
ğŸ‘ğŸ‘ğŸ‘ğŸ‘ğŸ‘ğŸ‘ğŸ‘ğŸ‘ pinche joto,1,0,0,0,0
@dparamooficial Te hablan @ejimenezalvarez &gt; puto!,1,0,0,0,0
Morirse en una clase de la escuela es pa' jotos,1,0,0,0,0
"@sergiotbh Yo no estoy en contra de los homosexuales, es mÃ¡s, tengo amigos. Mientras se queden ahÃ­, con sus actividades ""peculiares"" y no se quieran casar o peor aun adoptar a niÃ±os inocentes, yo seguirÃ© apoyando.",1,0,0,0,0
"ğŸ”¥HOY vista la Tienda @Gravitymty
â¡Calle Matamoros 917, Barrio Antiguo #Monterrey
ğŸ“±8117168513

#guadalajara #jalisco #cdmx #mexico #saltillo #Jockstraps  #underwear #swimwear #gym #gdl #mty #jal #short #baÃ±adores #bikinis #thongs #brief #gay #tshirts #underwear #ropa #playeras url",0,0,0,0,1
Hey joto estoy aquÃ­ afuera de tu privada @cesarvc94,1,0,0,0,0
"@mickemeda Aplica de cualquier modo, si muchos homosexuales michoacanos fueron a cedemex se desequilibrÃ³ la balanza dejando una concentraciÃ³n anormal",1,0,0,0,0
@asfixiada tienes una sobrina lenchita desde chiquita o tenÃ­a hambre nada mÃ¡s?,0,1,0,0,0
"Mi Panda de Oro con el miembro de fuera. Lo quiero mucho, vaya cagada de Fox Sports rompiendo el tridente mÃ¡gico para meter con calzador en las narraciones a la machorra.",0,1,0,0,0
@jesusEsc11 Callate joto,1,0,0,0,0
"-Mario es un puro maricon
-Ese puto maricon ya tiene disco de oro
TDFW ğŸ˜ğŸ¤˜ğŸ¼

-AleğŸ¤˜ğŸ¼ url",1,0,0,0,0
Pinche jota.,1,0,0,0,0
"Siempre los cariÃ±itos me han parecido para maricones, y ahora hablo contigo en diminutivo, con nombres de url",1,0,0,0,0
"@cardonamex @antonio78391259 Los insultos no son por  informar, son por mal informar, para desprestigiar,  andan pregonando de lo que carecen el que se lleva aguanta y no anda de cobarde ni de chillÃ³n cÃ³mo marica de ropero viejo No que muy sÃ¡cale punta hipÃ³crita..",1,0,0,0,0
"@vikh666 estuvo (se escucharÃ¡ medio joto, pero es la verdad) re bien bonito.",1,0,0,0,0
"@TeamMovAzul Ah pero primero estabas mame y mame ""este la la a romper "" ""excelente trabajo de la directiva "" coman caca igual ches putitos villamelones. ğŸ™„",1,0,0,0,0
"En Ã©poca de Hitler no se decÃ­a ""eres gay"" y, sÃ­ ""eres un joto"" al campo de concentraciÃ³n @UndiaParticular @EdithGonzalezMx @dgomezcasanova url",1,0,0,0,0
"@marianadurazom @CrisRivera22 No sean maricas, vamos a comprar otro mejor para empezar a escribir historias. ğŸ˜Š",1,0,0,0,0
@GeraLetipichia7 Huele a marica,1,0,0,0,0
"Lo siento, soy muy marica para el dolor )':",1,0,0,0,0
Pinche estupido marica wey quÃ­tate del aparato alv ğŸ˜‘,1,0,0,0,0
"@_LASNOTICIASMTY @Katerin Cavazos y el @jotoprieto QuÃ© te puede decir este pendejo que viene 3 a 4 veces a Monterrey , engrandecido a jotos pendejos url",1,0,0,0,0
"Si ves un perro callejero  y a un gay mata primero al perro, el deber es primero y despues la diversion #ExterminenPerrosDeLaCalle",1,0,0,0,0
"SabÃ­a que eran maricas, pero no tan descarado!!! ğŸ˜‚ğŸ˜‚ğŸ˜‚ğŸ˜‚ url",1,0,0,0,0
JAJAJAJAJAJAJA MARICA DE MMMMMM url,1,0,0,0,0
"SeÃ±or @eliabito le sienta bien la televisiÃ³n, deberÃ­a ser conductor de tv, nomas hable con mÃ¡s huevos que se escucha como joto jajaja",1,0,0,0,0
@Tamedamus @atlasfc Las mariquitas les dicen ahora!!!,1,0,0,0,0
@Luis_AcaShore jajaja! CÃ¡llate que eres el menos indicado en hablar!!pero ya veo que eres un maricon que le encanta pelar con viejas,1,0,0,0,0
"Me acabo de enamorar de un hombre y resulta que es lesbiana, juay Diosito me haces esto to me?",0,1,0,1,0
@metik Pinche puto. Y seguramente se mete otras cosas,1,0,0,0,0
"Â¡No te tocaron, pinche maricon!",1,0,0,0,0
@agh_bo @Adal_gvc No lloren jotos,1,0,0,0,0
"LeBron es una diva, todo reclama, ojalÃ¡ hubiera jugado contra los Pistons o Knicks para que viera que es madriza.

Mariquita el ""rey""",1,0,0,0,0
"En mi caso con:
- Closeteros
- Escorpio (son los peores tlj)
- Doctores
- Ni con niÃ±os ricos hijos de papi y mami url",1,0,0,0,0
"@Psaramanuela2 @palopalitom Visaje el suyo marica, ya sÃ© ve peor que ya sabemos quien ...",1,0,0,0,0
Puto viejo joto alvvvvvvv pÃ­cate el culo con tu punto formato a3 y las vergas esas de ishikawa me la pelan alv pendejo metete el 6 por la verga alvvvvvvvvv,1,0,0,0,0
@Fer_Gay Tienes mÃ¡s entradas que la defensa del AmÃ©rica (la cuando se empiece a quedar pelÃ³n),0,0,0,0,1
"Mariquita mariquita, como niÃ±a siempre gritas",1,0,0,0,0
Comprar ropa de mujer aunque parezca de hombre te hace gay? Sean serios,1,0,0,0,0
"@Zangavii @Zangavii serÃ¡ gay solo asÃ­ se entiende su accionar de por sÃ­ tienen fama de maricones, no piensa le gana la emociÃ³n",1,0,0,0,0
Puro joto va a la escuela hoy,1,0,0,0,0
@Csalcedojr con ese color de cabello parece travesti de la merced! Jajajajaja @TigresOficial url,0,0,0,1,0
Tantos tatuajes y yo taaaaan pobre y marica al dolor ğŸ˜–,1,0,0,0,1
"Hasta eso los hombres gays como que son mas estÃ©ticos y refinados, las lesbianas machines no url ya, saludos a la comunidad LGBT.",1,1,0,0,0
ME URGE DECIRLE A UNA MUJER TRANS QUE ES HOMBRE Y QUE SU PRÃ“STATA url,0,0,0,1,0
Paco maricÃ³n QL url,1,0,0,0,0
Homosexuales de agarran a puÃ±aladas? El chiste se cuenta sÃ³url url,1,0,0,0,0
"@BullyingFutbol listo , entonces te envio donde sea maricon.",1,0,0,0,0
Ya tiene cara  el maricon cobarde pocos huevos @AccionNacional  UAEM url,1,0,0,0,0
@Gerard_Zarate Quien va a querer ser una loca amanerada?,1,0,0,0,1
"Que mamada eh !
Seguramente todos los que irÃ¡n a esa pendeja marcha , son mas closeteros que nada! #MarchaPorLaFamilia",1,0,0,0,1
Para quÃ© ser una jotita discreta si puedes ser hetero-moderna.,1,0,0,0,0
"@ErikaAraujo1 @Reporte98_5 en contra, debe ser papÃ¡ y mamÃ¡, mÃ¡s no gay y gay. Saludos desde el sur del df. TrÃ¡fico fluido el sabueso dl Sur",1,0,0,0,0
"@HadaLizy @CervezaTecate @tecate no hay broncas, usemos mujeres Trans peluqueras para hablar de orientaciÃ³n sexual. EducaciÃ³n nula.",0,0,0,1,0
@rdz_roberto @donrober_ nosotros si sabemos. Perder marica,1,0,0,0,0
"Que asco mi vida santa
Que asco corazÃ³n santo. 
mi TL estÃ¡ lleno de jotos haciendo ejercicio
POOOOOOOOOOG",1,0,0,0,0
Con Argentina se chingan pinches holandeses maricones hijos de su PTM!!!!,1,0,0,0,0
@AlbertooCervera jjajajaja homosexual,1,0,0,0,0
"@L_Hirieo Otro
-  feministas tradicionales: ""la imagen de la mujer es cosificada para el hombre""... mujeres trans: ""quiero ser re sexy (cirugÃ­as mil)""",0,0,0,1,0
HabÃ­a conocido gays y a ti ğŸ¤¢.,1,0,0,0,0
@DanielGCalderon te cortaste el pelo marica ?,1,0,0,0,0
Jajajajaja me voy enterando que la alcoholica closetera me acaba de decir â€œBORRACHOâ€ y que le tiraba la onda a los ejecutivos de @ImagenTVMex ğŸ˜‚ğŸ˜‚ğŸ˜‚ğŸ˜‚ anda ardida esa mujer!!,0,1,0,0,0
Nos cooperamos para hacerle una restauraciÃ³n? A ese @clarketo ? Pero de culo que seguro es lo que busca arreglarse el closetero del clark. Su bautizo fue de ğŸ¥› que se acuerde y regresa al buen camino ğŸ˜‚ğŸ˜‚ğŸ˜‚ğŸ˜‚ url,1,0,0,0,0
"Un slam como en el rocodromo, culos toodos, miedosos, maricas.",1,0,0,0,0
Anoche no me desmaquille y hoy paresco travesti,0,0,0,1,0
"Nosotros los rockeros: pinches BTS son bien puros. 

Nosotros los rockeros tambien: calmateeee cabron, Freddy Mercury no era url Era su Putisima majestad.",1,0,0,0,0
@Pierre_C97 @vEdgar45 @pptnlk @MonchePepe @InvictosSomos Si la verdad se ve muy joto ese!!! ğŸ™ˆğŸ™„ğŸ¤£,1,0,0,0,0
@MaestroDoria Ese nombre suena a transexual jajaja,0,0,0,1,0
"@AlanThePrince @n_eslaquit usted, joto xdd",1,0,0,0,0
@AleRayado Ya vas a empezar marica.,1,0,0,0,0
"Es feo que a esa altura quieran taparle el ojo al macho y seguir de closeteros, neta a los dos se les veÃ­a el precio y pues ojalÃ¡ y el despechado haya mandado a la verga al closetero o bi o quizÃ¡ solo era culero.",1,0,1,0,0
MARICA! âœŠğŸ‘Š,1,0,0,0,0
"Lamentable que mis seguidores hombres, sean tan homosexuales. url",1,0,0,0,0
"â€”Le aplicaremos una prueba de alcoholÃ­metro, Â¿Ha bebido hoy?
â€”Una capuchino moca y un Nestea frÃ­o.
â€”Ok, la multa es de $2,800 por maricÃ³n.",1,0,0,0,0
"Â¿Por quÃ© hay tantos homosexuales y lenchas en la carrera de QFB, aquÃ­ en la UAM? Â¡Â¿PINCHES POR QUÃ‰?! ğŸ˜µ",1,1,0,0,0
@ivnuevo @noser2226 Osea sÃ­ eres marica?,1,0,0,0,0
"La verdad Ricky es el mejor amigo hombre que todos deberÃ­an tener, yo lo quiero mucho. (Que bueno que no tiene Twitter porque luego me da un putazo por joto) â™¥ï¸",1,0,0,0,0
"@celsoeibarra Aaaayy no,o sea si debe estar chida la actuaciÃ³n de este hombre pero no, ya me tienen hasta keke los trans",0,0,0,1,0
"@ExatlonMx @Antonio_Rosique Por mariquita, un capitÃ¡n y campeÃ³n mundial, no se comporta asÃ­, Puyol le podrÃ­a enseÃ±ar modales",1,0,0,0,0
"@fabian23ramos @DarachKMarti @FranPHolland Mi opiniÃ³n del tema de actores/actrices trans es:
Cero broncas con que una persona Cis haga el papel de una persona trans pero entonces que dejen de joder y le den papeles Cis a gente trans (la inversa).",0,0,0,0,1
@Cruz_Azul_FC Â¡cÃ³mo me caga que siempre que hay ventaja se convierten en unos putos maricones y ahÃ­ es donde nos friegan carajo!,1,0,0,0,0
@Luisa_Vox Este tipejo es homosexual. Se odia Ã¨l mismo.,1,0,0,0,0
@ElPulpomo @EVIDEGARAY @jrsestaca y le va a regalar un tradicional chorizouw a su hermano Marica,1,0,0,0,0
"@Dana_Corres @ytzmaya @sof_j @laura_lecuona @la_go_mess Hmmm te entiendo. Reconocer diferencias implica luchar por terceros.

Solo, Â¿como no aplica esto con mujeres indÃ­genas? O trans-nacionales?

Ahora, como yo lo veo -digamos que desde lo personal- yo me estoy sumando a tu lucha. No negÃ¡ndola.",0,0,0,0,1
los fifas cuando vean a mucho joto en el estadio del superbowl para ver a Rihanna url,1,0,0,0,0
"Me considero open mind, pero tengo mis lÃ­mites, conocÃ­ a un tipo que dice ser no binario/queer, usa bigote y barba, usa tacones , botas de prosti, ropa de niÃ±as, en verdad raya en lo ridÃ­culo, me causa intriga quÃ© pasarÃ¡ por la mente de esas personas. ğŸ¤”",0,0,0,0,1
Que pena que el mejor performance sea de unas vestidas. Que malos premios #VMAs,0,0,0,1,0
@Ivanecia_ Se volviÃ³ transgÃ©nico y transgenero y ahora tuitea con el arroba de Lizmenita,0,0,0,1,0
@RealMaroSilva no hay nada que me de mas disgusto que ver a una persona Trans que pasa escondiendo ser Trans. Como si .. Que.,0,0,0,1,0
@thalia por que me bloqueaste de #Instagram acaso te doliÃ³ lo que dije de tus thalifan la lencha esa?? Respondeme,0,1,0,0,0
Pinche morro meco traes un Mazda y te estacionas en doble espacio para que no te lo rayen ğŸ˜‚ ni que fuera Ferrari joto,1,0,0,0,0
"Puto: check
Joto: check
MaricÃ³n: check

El problema es suyo, no nuestro.",1,0,0,0,0
Me toco un gay en Uberâ˜¹ï¸,1,0,0,0,0
O ya mejor me hago puto,1,0,0,0,0
"Mi Compa es bien marica, pero estÃ¡ curado el vato. ğŸ˜‚ğŸ˜‚",1,0,0,0,0
@ASCUNMX @Jackskinripper @rivero_vic Que url ando url si no url ( como buenos putos que son) no url,1,0,0,0,0
Pinche joto chismoso,1,0,0,0,0
Pinche joto!!!!,1,0,0,0,0
"@ManzanoDante @gilelihu Ese mariconcito todo rayado es el que dice que al Presidente lo apaleen? Chales, seguro no sale de antros gay, para despuÃ©s simular heterosexualidad. Sin bronca por lo LGBTTI, comunidad muy respetable, pero desde China y con neblina se le nota lo maricÃ³n, lo cobarde y lo alienado",1,0,0,0,0
"@Caarloosgzz Quibole puto, eee peda el fin sbs tqm bye",1,0,0,0,0
@Andres71885443 @SancadillaNorte @lahinchadamx Con todas las historias que los rayados le han inventado a sinergia ya hubieran escrito un libro mÃ¡s famoso que las mil y una noches!! Lamentable!! Pero bueno se entiende si su lÃ­der es el jotito del sabalero ğŸ¤·ğŸ»â€â™‚ï¸,1,0,0,0,0
Yo le hacia el cambio de sexo gratis a #Daniel por maldito joto cobarde #YoNoCreoEnLosHombres,1,0,0,0,0
"""@AlmaCulera: Los hombres dicen ""sÃ³lo fue sexo"" para no verse tan maricas.

Las mujeres dicen ""fue por amor"" para no verse tan putas.""",1,0,0,0,0
"Que difÃ­cil ver s los jÃ³venes de 15 y 17 aÃ±os, muchos aun buscan su identidad y pasan por diversas etapas, chaka-emo-hipster-bisexual",0,0,1,0,0
@leftkist @realAnthonyUSA Si fueras hombre te agarro a madrazos @realAnthonyUSA . AsÃ­ que mejor te madreo a puras cachetadas. #puÃ±al,1,0,0,0,0
"No puedes nacer homosexual, es una mentira.",1,0,0,0,0
@migangelgarzam AsÃ­ es de joto.,1,0,0,0,0
@Maggie_Glez1 El pedo es que te salga un esposo transexual y ps ahÃ­ cambia todo.,0,0,0,1,0
@Enea_Salgado @VelascoM_ Veeeerga y hay quien cree eso? Que este idiota maricon hizo algo bueno por Chiapas? Digo ademÃ¡s de AMLO y sus 30 millones de idiotas,1,0,0,0,0
Macho alfa que se respeta no se anda con esas mamadas de usar guantes para entrenar. Pinches afeminados con los huevos de adorno pendejos.,1,0,0,0,0
DespuÃ©s de esperar tanto el tenis ahora tiene uno que oÃ­r las estupideces y comentarios innecesarios ademÃ¡s de su voz de joto de @JoseLuisClerc #TENISxESPN #USOpen2020,1,0,0,0,0
Kpx con mi voz de trans. ğŸ”«ğŸ”«,0,0,0,1,0
Esos gays apenas no les puedes decir algo y ya piensan que quieres sexo Jajajaja ğŸ˜‚,1,0,0,0,0
@Faitelson_ESPN Puto gordito ! Eres de moral distraÃ­da . Satanizando a ReNalgon Ibarra,1,0,0,0,0
Cc peleaban con Rugal y ponÃ­an a Roberto Carlos de delantero asÃ­ o mÃ¡s putito el chamaco.,1,0,0,0,0
"@teffyantonelita cada que alguien te discrimine, lencha, piensa que tÃº igual discriminas a todas las mujeres Trans que no veas ""ok"" TOMA TRH",0,1,0,1,0
Ta muy jota la foto vdd?,1,0,0,0,0
"Â¿No tambiÃ©n hay que respetar el hecho de alguien repudie a homosexuales/afroamericanos/etc? Digo, hay quien gusta de vivir odiando cosas.",1,0,0,0,1
@ramidrink83 Al menos no es pa jotos amigo,1,0,0,0,0
"El mejor modo de confesar algo horrible es decir â€œOIGAN TODESâ€ seguido por algo asÃ­ pero deleznable.

Y bien que pueden decir donde enterraron a JFK y a Colosio luego de su parrandÃ³n homosexual. La gente solo va a leer y no superar el â€œtodesâ€. url",1,0,0,0,0
"Jotos, respÃ©tense tantito. No jodan. url",1,0,0,0,0
"@Stevenneira La triste retÃ³rica de las personas homosexuales victimizÃ¡ndose. Como bien dice Steven, ni son de otra especie ni se les ha negado nunca algÃºn derecho. Pero se quieren adjudicar pseudoderechos en contra del bien y sentido comÃºn.",1,0,0,0,0
"@SimonJCCor Pobrecito..
No se le cayeron los lentes al mariquita. ?",1,0,0,0,0
"@HebbWS Seh, la lista es SÃšPER larga. Es solo que en entretenimiento te topas con gente gay en todas las esquinas que se escudan en closet",1,0,0,0,0
"Una de las cosas mÃ¡s vale verga y jotas del mundo es decirle #tipa a una mujer. Mejor dile #puta, suena menos mal. Si lo haces, homie: url",1,0,0,0,1
Me caga que los jotos se hagan los que url,1,0,0,0,0
Goooooooool gooooool!!!! Rayado maricon!!!!,1,0,0,0,0
"Los rumores son ciertos; los maricas la chupan mejor que las mismas url #NadieMeLoContoYoLoVi url""",1,0,0,0,0
Comprobado. SER TRANS ES EFECTO SECUNDARIO DE LA CLONACIÃ“N. url,0,0,0,1,0
@Carlos_Riveero @dyra_nicole aiii el puto y sus mayates jaja asta ke no la violen en campeche,1,0,0,0,0
Ttu te estas tirando a ese trol bizco y sifilitico y yo soy la loca jajajajjajajaj,0,0,0,0,1
â€œ@stevenulloa1: @piko_glez  o para mayates jajaja :) como tu comprenderas jajaâ€ jaja como tulipÃ¡n jajaja,1,0,0,0,0
@RicardoPD21 Eres marica,1,0,0,0,0
"@Gamborimbo76 @ElPincheJuan4 @GorillaMan06 @cero3801 @SoloPHombres @cexychics @BootyAndMuscles @TittyFucker411 @GeorgeLb66 @alonesantanagar @IsabellaSlut20 @burdubai12 @alexexpress24 @toganuncio @pepe100369 @DivX3 @maskarita4 @saulin10801 @pelon_73 @ElChicarcas6 @bootyisyummy @luisramor1 @Starkiller_36 @tranquilman @lee_ecclestone @oldenchild @DatAssNTittiez @DatAzzPhatAF @AdultModels2018 @Booty_Cartel @xculonas @GymBooty @netocardona @assplosive @manuel70m @Bumblebee_ZD @MmamaceandoO @quehembritas @BrutuslWallie @countryclub3000 @Pillus_75 @RAFAELMEDINAG @rudorivera ğŸ‘ Asi es! Nomas que no sean de caballero o de niÃ±as y estamos bien, por que seremos medio pervertidos, pero, ni pedofilos, ni raritos! Y vengan mas culos de viejas buenisimas, no importa, colos, tamaÃ±o, ni preferencias politicas, religiosas o futbolisticas!",0,0,0,0,1
Esta Brucita tambiÃ©n es mariquita! ğŸ’ƒğŸ¼,1,0,0,0,0
@jc_osorio123 @MauroD_Ortega mauro marica jajaja okok.,1,0,0,0,0
"@AlmaDeliaMC PERO luego tienes un grupo de gente bisexual que criaron enseÃ±ando a negar una parte de su sexualidad. PERO SABEN que ahÃ­ estÃ¡, y se la pasan preguntando ""si yo me enseÃ±Ã© a que no me gusten los hombres.. por que chingados este homosexual no puede hacer lo mismo?""",1,0,1,0,0
@Cruzhdz_Sergio @FelipeCalderon @MexLibre_ Chinga tu madre! Puto marica ni foto tienes! Cuando ofendas mÃ­nimo da la cara. Pocos huevos!,1,0,0,0,0
Solo los jotos. url,1,0,0,0,0
â€œ@imCarlitoo: No traten de ocultar que les gusta que le metan el pene por la cola. Eso es #SerPrincesoEs puro afeminado.â€,1,0,0,0,0
@LVidegaray Puto-MaricÃ³n @EPN @rgilzuarth @ildefonsogv Idiotas y corruptos todos @SEDENAmx Para que lo tienen de pie url,1,0,0,0,0
@BarbaraDurango @amelia_waldorf Desafortunadamente la mayorÃ­a de las personas proyectamos nuestros traumas y carencias en alguien mÃ¡s y eso no estÃ¡ para nada cool y sÃºmale que los gay tienen complejo de Regina George. ğŸ¤·ğŸ½â€â™€ï¸,1,0,0,0,0
"Neta no me sorprende, pero quÃ© hueva con los gueis. Un vato bien parecido-mamado pone cosas que  al chile no dan nada de gracia y los jotos de ""Juhjugujugjug te pazas"". url",1,0,0,0,0
@swisingley DÃ­selo a el transgÃ©nero que ganÃ³ miss EspaÃ±a,0,0,0,1,0
A ver si ya me dejas de stalkear maricon,1,0,0,0,0
@uomodisabbia @Chivas @ReligionSagrada @RefuerzosChivas @somos_de_chivas Jajaja. Siempre se tira al piso como maricon. Ya lo confirmÃ³,1,0,0,0,0
"Es de homosexuales, mostrar una foto de la mano araÃ±ada por un gato, como si se fueran a morir.",1,0,0,0,0
Me caga lo marica que puedes llegar a ser,1,0,0,0,0
#MexicoVsDominicana como se ve q todo estÃ¡ arreglado para q MÃ©xico gane es falso y Rosique no seas puÃ±al Mao guau no seas puto cabron,1,0,0,0,0
"â€”Esto es un asalto, deme su dinero y nadie saldrÃ¡ herido.
â€”Â¿Me van a violar?
â€”No, seÃ±ora.
â€”Â¿PorquÃ© no, son jotos o que?""",1,0,0,0,0
@angelmezaw Hazla de campos de concentraciÃ³n y matan a los jotos,1,0,0,0,0
@nandoreyes Hace rato estaba escuchando la narraciÃ³n que hicimos url GritÃ© los goles como mariquita sin calzones ğŸ˜‚ğŸ˜‚ğŸ˜‚,1,0,0,0,0
"@ArielURosas @nuxsilva AyuÃ±Ã±. Pos es que me dicen: OPH, SEND NERDEZ TRANS.

Y yo de.. â€œAHORA APLICO MI CARTA ARIROSAS Y SU PODERâ€ * mÃºsica yugioh *",0,0,0,1,1
"Por grito homÃ³fobo FIFA multa a MÃ©xico por mÃ¡s de dos millones de pesos url vÃ­a @regeneracionmx
Ya estÃ¡ bien de defender a los homosexuales que lo Ãºnico a lo que nos van a conducir es a la destrucciÃ³n de la familia, DEPRAVADOS basta de su protagonismo",1,0,0,0,0
@Dbacks ESTAN PARA LLORAR LES DEBERÃA DAR VERGÃœENZA BARRIDOS POR LOS @Nationals si no tienen ganas de jugar dedÃ­quense a otra cosa juegan como unas mariquitas ğŸ¤¬ğŸ€ğŸ¤®,1,0,0,0,0
Ahora todos piensan que soy lencha ğŸ˜ŸğŸ˜Ÿ,0,1,0,0,0
La jota cajera casi me avienta el dinero cuando le dije que no querÃ­a redondear. ğŸ˜‚,1,1,0,0,0
@Ovalf_  eso me suena a marica. :v,1,0,0,0,0
@Lalord_ Ya se te quitÃ³ lo marica sentida?,1,0,0,0,0
"Ser un maniaco depresivo no es tarea fÃ¡cil, hay quien piensa que se trata solo de andar chillando con pelÃ­culas de perritos perdidos y la verdad va mas allÃ¡ de ser un gordo marica.",1,0,0,0,0
@castillejos_m no seas mamon  no seas localista le vas a rayados y no nos jusgas pinche joto,1,0,0,0,0
"Â¿QuÃ© pedo, putos? Â¿QuiÃ©n les inflÃ³ tanto el ego, quÃ© les da el valor o quiÃ©n les hizo tanto daÃ±o?",1,0,0,0,0
"â€˜ Por fin saliste de tu escondite mariquita @ErickSolana 

url vÃ­a @YouTube",1,0,0,0,0
Oye @Vahoooz ayudame a hacerle llegar esto al joto ese de @MattMiazga3 url,1,0,0,0,0
@SussiZambar no sea joto ğŸ˜’,1,0,0,0,0
No tarda en que las jotas liosas se pongan a hacer comparaciones al url ğŸ˜‹ url,1,0,0,0,0
"@MundoLGBTTTI @LGBT @Sexybootyshd @DiosasLesbianas Por mi se pueden morir, no tengo conveniente. @Gay_of_europa url",1,1,0,0,0
@MsCharlotteWWE tu padre es pendejos tu pendeja marica,1,0,0,0,0
"Que muy machin no?
Ah muy machin no?
Marica nena, mas bien putin no?
Que muy machin no?
Ah muy machin no?
Marica nena, mas bien putin no?
Que muy machin no?
Ah muy machin no?
Marica nena, mas bien putin no?
Que muy machin no?
Ah muy machin no? url",1,0,0,0,0
Me darÃ­a oso que mi novio se pusiera de joto con sus amigos cuando anda bien pedo @MeDicenChu @FosiZaldivar url,1,0,0,0,0
"@renacova A parte de los penales pÃ©simamente ejecutados, eso no lo dicen ni @CruzAzulCD, ni los maricas de @jerryflores15 o @jesuscorona01.",1,0,0,0,0
"Eres gay u homosexual porque tienes muchos/varios hermanos, la prÃ³xima vez que te pregunten puedes decir que es a causa de tus hermanos ğŸ™Š url",1,0,0,0,0
Pero quiÃ©n coÃ±o irÃ­a a ver a este asqueroso travesti pitudo maullar? ğŸ˜· url,0,0,0,1,0
Harto de los Gays De mi y de todo ğŸ˜’,1,0,0,0,0
"De quiÃ©n es al fundillo?
Ya sal del closet puÃ±al frustrado, no pasa nada y al contrario igual por fin puedes ser feliz en tu lamentable vida.
Te lo escribiÃ³ un heterosexual 100%.
Lamentable tus comentarios homofÃ³bicos. url",1,0,0,0,0
Pinche viejo joto tienes como 50 aÃ±os yendo a tocadas sabes que te van a empujar aguÃ¡ntese.,1,0,0,0,0
@odiomistweets ya ven joto,1,0,0,0,0
Yo url Puto el primero que se contagie del coronavirus! ğŸ¤£ğŸ¤¦â€â™‚ï¸ğŸ¤’,1,0,0,0,0
"@pedroferriz3 Y todo para que??  Para que termines mordiendo almohadas.

Mayate!",1,0,0,0,0
@DanielaLepe_P Mariquita,1,0,0,0,0
"@TenochHuerta @versionextend Y lo merecen, o solo es darle un premio a alguien por ser ""gay, Moreno o Negro, madre soltera o con alguna discapacidad""? ğŸ¤”",1,0,0,0,1
@albertochavezv #MarchaHeterosexual putas para todos y trato especial para los que todavÃ­a estÃ¡n indesisos y se queden en el camino machin,0,0,0,0,1
"Vas a ir ?
Si vas a ir? 
Pero a url a tu mamy por maricon!",1,0,0,0,0
"Existen varios tipos de homosexuales:
- Los que gustan de su mismo sexo
- Los que fuman mentolado
- Los que no le dan retwittear 
JajajağŸ˜‰ğŸ˜‰",1,0,0,0,0
Pinche maricon pendejo!!!!! Neta ojalÃ¡ que se urlğŸ¤¬ğŸ¤¬ğŸ¤¬ğŸ¤¬ url,1,0,0,0,0
@ugesaurus Â¡CLARO! SE HACEN MUJERES TRANS PARA GANAR EN LAS OLIMPIADAS.,0,0,0,1,0
Qp con esa loca lesbianağŸŒšğŸ˜³,0,1,0,0,0
@serchiracheta que maricon,1,0,0,0,0
"Los hubieras abrazado, joto url",1,0,0,0,0
@villanuevac Esa es lencha jajajaja,0,1,0,0,0
@Valerebe20 OjalÃ¡ ese puÃ±al ya no pueda ir a USA,1,0,0,0,0
"@FlamInkgoes ufas amigos, si no fuera algo muy gay te declaramos nuestro prÃ­ncipe.",1,0,0,0,0
Respondiendo a la pregunta: solo deja de sacarte la ceja y de hacer duckface pinche marica de mierda. url,1,0,0,0,0
"Si tu marido no te defiende de NADIE, Felicidades no tienes marido tienes un marica.  #SeTeniaQueDecirYseDijo",1,0,0,0,0
@PatsTapia ?utooooooo!!!! Matarile al maricon!!!,1,0,0,0,0
Donde estarÃ¡n esos tres chivas maricones que creyeron que por una imagen de pulido me iba a emputar?,1,0,0,0,0
@mely_dgr fue un sÃ¡bado ps creo q si tenÃ­a pelo wero jajaja le habla al jotito q vive por tu casa ya sabes quien ?,1,0,0,0,0
"neee alchile vÃ¡yanse a la verga pinches jotos, bye",1,0,0,0,0
@LegalmentePerra @Dashoboy OSEA ESO QUE SON DOS MARICONES MEJOR HM,1,0,0,0,0
"Como chingan con el grito de puto, si te sientes ofendido es porque esta bien pendejo no porque odiemos a los homosexuales",1,0,0,0,1
@Orfeumm No sea joto,1,0,0,0,0
@CarlosLoret @EPN @realDonaldTrump @lopezobrador_ De todos modos nadie te cree !!! Solo sabemos que eres un periodista amarillista y homosexual !!!!!,1,0,0,0,0
"@LuisDV15 jajajaja tambiÃ©n por maricÃ³n, jajaja alv es cierto Â¿no te doliÃ³? Es una mezcla de lo mejor del Barca y el Madrid sin Messi y CR :(",1,0,0,0,0
Que trapeada le dieron a la mojarra lesbiana ğŸ˜‚ url,0,1,0,0,0
"Chingos de chicas guapas en GDL. Pero ridÃ­culo como hay tantas que son url No mamen, asÃ­ no se puede. Es el 2015, ya.. Salgan.",0,0,0,1,0
No llore jota,1,0,0,0,0
@Anibal_Alvarado Para mi que son los maricas amarillos que se hacen pasar por Rayados para Crear un mal ambiente en torno de mis Rayados.,1,0,0,0,0
Si algo me castra el wuevo son los maricas con complejo de Paris Hilton (osea el 90% de los homosexuales).,1,0,0,0,0
"@torosytoritos54 @GuillermoLuja16 @labarquerag70 @05Cesgar @molotovmx @AlfredoJalifeR_ @orazioaguirre @EPalmaM1 @julioperezBPC @Navegaciones @aguirrevictorh @vindicta69 @angelica9091 @JoseAMeadeK @LVidegaray @EPN Es gay, yo respeto pero que no ande de ofrecido.",1,0,0,0,0
"A moco tendido con la peli de ""Votos de amor"" ğŸ˜­
AsÃ­ o mÃ¡s marica? ğŸ™„",1,0,0,0,0
@alexsuarez_23 Da tu tanda maricon,1,0,0,0,0
"Soy el mÃ¡s #marica cuando veo una #cucaracha !!!! ğŸ˜–

#asca
#diug",1,0,0,0,0
"- Â¿Porque no puedo hablar del aborto?
Post moderno - â€œNo eres individuo de la especie humana con Ãºteroâ€
- Los transexuales tampoco tienen Ãºtero.
Post moderno - â€œchtm, discurso de odio, cavernÃ­cola, retrÃ³grada, y tÃº pinche Dios que!!â€ 

AsÃ­ razonan. ğŸ˜",0,0,0,1,0
"@Cabron_Bisexual Vamos a jugar un poco quien se anota, feliz sÃ¡bado a todos quien llenarÃ¡ este vacÃ­o en mi url url",0,0,0,0,1
Donde estan los maricas?,1,0,0,0,0
QuÃ© asco el drag mexicano,0,0,0,1,1
@ElssieIp Hasta que saliste de tu escondite mariquita,1,0,0,0,0
@ClonMil QuÃ©date con tu Vieja ğŸ˜œğŸ˜œğŸ˜œ pinche viejo jotoğŸ˜ƒğŸ˜ƒ url,1,0,0,0,0
jotos de gdl con aires de diva no plz,1,0,0,0,0
"""el hijo del Santo, contra el pinche gringo puÃ±al"" asÃ¬ gritan aquÃ­",1,0,0,0,0
@AmairaniOrtega No los bebÃ©s son una bendiciÃ³n y tienen derecho a vivir cierra tus piernas lesbiana solo profanas el odio a dios te vas a ir al infierno satanas es tu pastor que culpa tiene ese angelito de tu calentura te hubiera gustado que te abortaran? Maldita estupida sologenerasodio muerete,0,1,0,0,0
"Yo solo vine a gritarle ""Puto"" al portero del LeÃ³n, como la damita que url ğŸ˜ŒğŸ¤˜ğŸ¼",1,0,0,0,0
"@Mariana_car05 Soy llorar joto, nomÃ¡s los dÃ©biles lloran!",1,0,0,0,0
@ContrapesoC @RicardoAlemanMx Un ojo de puta marikita.,1,0,0,0,0
@neymarjr tiene que jugar en liga de Maricas!,1,0,0,0,0
"Si los transexuales no tuvieran su rostro tan tosco, serÃ­an mujeres perfectas, #SuperCuerpos",0,0,0,1,0
"ğŸ‡ªğŸ‡¸Soy homosexual
ğŸ‡ºğŸ‡¸ Iâ€™m gay
ğŸ‡®ğŸ‡¹ Sono omosessuale
ğŸ‡«ğŸ‡· Je suis gay
ğŸ‡©ğŸ‡ª Ich bin homosexuell
ğŸ‡¸ğŸ‡¦ Ø£Ù†Ø§ Ù…Ø«Ù„ÙŠ
ğŸ‡²ğŸ‡½ Vamos, vamos AmÃ©rica, que estÃ¡ noche tenemos que url",1,0,0,0,0
"Lo que siento por esta bola de inÃºtiles homosexuales no se compara con nada, uno de los viajes que mas he disfrutado en la vida. Los amo perros!!! en Coralina Daylight Club url",1,0,0,0,0
Un joto que no sepa jugar mario kart es como un hetero que no sabe jugar fifa. Shame on you.,1,0,0,0,0
"@estarc62 @SCJN queeee!No puede ser! no me sorprende, despuÃ©s de los homosexuales, siguen cosas peores.Al rato va ser legal los pederastasğŸ˜±",1,0,0,0,0
Amiguitos tenga los huevos para decirles no y ponerle alto a su amiguitas nalgas prontas.Para que despuÃ©s no andÃ©n de maricones llorando!,1,0,0,0,0
Y hablando de lesbianas.. ya vieron la Ãºltima foto de Justin Bieber? XD,1,1,0,0,0
@rollercoaster64 @DonVocero @silvanoaureoles @lopezobrador_ Pide pruebas y se las llevan y se zurra. AsÃ­ de maricon es.,1,0,0,0,0
"@Sirena_Rock la cita no es ni marica ni de adolorido es una ""Obra Maestra"" :) jajajaja y ya sh.",1,0,0,0,0
#MARICA en otras palabras url,1,0,0,0,0
"JAJAJAJA QUE MARICÃ“N 

EStE WEY SE LA VIVE TIRÃNDOLE A MIS TIGRES Y LE VA AL QUERÃ‰TARO ğŸ˜‚ğŸ˜‚ğŸ˜‚ğŸ˜‚ğŸ˜‚ğŸ˜‚ url",1,0,0,0,0
"Quiero escribir una SciFi donde un grupo de marketeros de los 80 descubre cÃ³mo hacer promociÃ³n subliminal SÃšPER buena.

Pero a la par -y sin el internet- no hacen buen targeting, asÃ­ que un chingo de niÃ±os los â€œprogramanâ€ niÃ±as, y viceversa.

AÃ±os despuÃ©s PUOM, gente trans.",0,0,0,1,0
El transexual @belindapop me bloqueo en Instagram ğŸ˜µ url,0,0,0,1,0
@wulfrano Pute compaÃ±url,0,0,0,0,1
Federer mierda tanto esfuerzo para jugar como marica el Tie Break!! :(,1,0,0,0,0
@colorsito_ @PinkKokkoa Callate joto que ahÃ­ sigues,1,0,0,0,0
"Ya mejor me duermo, no vaya a ser que se me incentive el instinto suicida/darks/marica.",1,0,0,0,0
@miguela62853385 dile a ese amigo y tu  k se vayan ala verga de mi parte! tengan huevos de decÃ­rmelo en mi cara putos de mierda!!,1,0,0,0,0
Neta me tuve que hacer un spoiler pa que todo resultara sÃºper gay ğŸ™„,1,0,0,0,0
@bta_Demian Un maricÃ³n bÃ¡rbaro.,1,0,0,0,0
"@Blanca02394201 Jajajajajaja perdiste por default, ganÃ© maricağŸ˜",1,0,0,0,0
@NachoRgz @ChumelTorres @LuisitoComunica Son puÃ±ales y se pintan las uÃ±as. Para no decir que les tienen miedo a los verdaderos informadores.,1,0,0,0,0
@joalej77 @SancadillaNorte jajaja tenian que ser jotos y amargo y tienes una foto de Rayados jajaja,1,0,0,0,0
"Siempre me da ganas de darle un chirulazo a esta mujer que parece travesti que siempre dice ""me brinca"" #LoQueLeHaceFaltaEsUnBuenBrinco",0,0,0,1,0
@OlegAraveug AsÃ­ de homosexual despiertas??? Hahaha,1,0,0,0,0
@lopezdoriga Ahora ya eres tigre maricon. Pinche vendido si quieres vente te pago el boleto para que veas coronarse a las Chivas,1,0,0,0,0
@juanbcrra tu eres por gay,1,0,0,0,0
"@CNNMex Bravo Â¡ Â¡ Â¡, y que los homosexuales ya no se involucren en el look de las modelos.",1,0,0,0,0
"Me cambiaste por una gorda, mÃ­sera, machorra y culera. ğŸ–•ğŸ»ğŸ˜ url",0,1,0,0,0
"Todd Phillips, director de la PelÃ­cula del  Joker, ya aclaro que este no estarÃ¡ basado en los cÃ³mics de DC sino de su propia adaptaciÃ³n e interpretaciÃ³n

Avisados estÃ¡n para que no anden de pinches maricas llorando en sus redes sociales.. Possers url",1,0,0,0,0
@marca AsÃ­ son de maricas los del @realmadrid  ğŸ˜‚ğŸ˜‚ğŸ˜‚,1,0,0,0,0
@_nxlsxn @caracoldiaz Es Tatiana el joto. Parece que no la conoces encuerada.,1,0,0,0,0
@VILLALVAZO13 @reforma_222 Ahhhhh pero sus homosexuales pregonando su â€œLoveâ€ por todo el mundo. Son iguales de locos que todos. O hasta peores.,1,0,0,0,0
"Ya parecen transformers esas madres, y ciertamente soy pobre url",0,0,0,1,0
Puro joto tÃ³xico y peleonero cumple aÃ±os en mayo. ğŸ’€,1,0,0,0,0
Puto el que lo lea.,1,0,0,0,0
Ya estÃ¡n grandes jotos para que se mamen con eso de Disney+. ğŸ™„,1,0,0,0,0
Y seÃ±or marica @aesquinca @marthadebayle,1,0,0,0,0
@mariobautista_ el nuevo Juan Gabriel por joto url,1,0,0,0,0
"@papaya_rockera eres un puÃ±al, Papayita.",1,0,0,0,0
@santigg108 eres un maricon,1,0,0,0,0
@evilblackmx @ACIDminds Â¡si! Pinches redes sociales jotas que usan corazones de repente (hace aÃ±os). url,1,0,0,0,0
@TV_JOTAS Es que no se podÃ­a parar a reclamarle jaja url,1,0,0,0,1
@El_Produ @loculobo @Chivas yo no apuesto con jotos no pagan,1,0,0,0,0
@JoseHin27 no andes de llorÃ³n joto,1,0,0,0,0
@NFLenmiADN Los maricones de los 49s,1,0,0,0,0
"Me llamÃ³ â€œmuÃ±equitoâ€... pinche joto, ya ni mis tÃ­as.",1,0,0,0,0
"Mis ""juegos del hambre""  fue MATRIX!! ,  putos milenials jotos ğŸ˜‰",1,0,0,0,0
@hersanmx @GAINFANTE @nolocuentestv asÃ­ es de Maricon!! No tiene palabra!! Jajaja #Patetico,1,0,0,0,0
@EVIDEGARAY @SofiaRiveraT Que linda tu abuelita gay @EVIDEGARAY  eres puÃ±al url,1,0,0,0,0
Si son bien jotos!!!!,1,0,0,0,0
"Si no traes un peinado de GokÃº, entonces no eres lesbiana",0,1,0,0,0
"Esos weyes que tienen cejas de travesti sabe que me dan, como la jota de la tele",0,0,0,1,0
MARIQUITA SIN CALZONES ! url,1,0,0,0,0
ğŸ¥° Monterrey (y sus mariquitas) url,1,0,0,0,0
Sigues siendo el mismo marica de siempre,1,0,0,0,0
"El Waze es para mariquitas, un verdadero macho alfa lomo plateado barba cerrada nalga torneada, se mete por donde su instinto animal le dice",1,0,0,0,0
@AndrewsGamez jajaja no seas joto,1,0,0,0,0
Manny Pacquiao: â€œ #Homosexuales son peores que los animalesâ€ url,1,0,0,0,0
"Me acabo de acordar que Juanpa me dijo que su mamÃ¡ pensÃ³ que yo era lesbiana.
YA VEN QUE SI ME URGE NOVIO",0,1,0,0,0
"@eggman1979 Te iba a decir algo de tÃº mamÃ¡ pero mejor te digo que JimÃ©nez es puÃ±al, Cuahumello es analfabeto, Lainez es un inflado que no sirve para nada y Ochoa es una mamada de portero, creo que te ofende mÃ¡s (y sigue sin ser el 1% ğŸ˜‚ğŸ˜‚)",1,0,0,0,0
Yo no tengo nada en contra de los homosexuales. De hecho tengo varios amigos americanistas pero allÃ¡ ellos y sus punterÃ­as.,1,0,0,0,0
@FDCRadio No pues esta medio canijo darles consulta a las #MANFLORAS...GAYSurl#TRANSGENEROSurl hasta posiblemente #VIOLINESurl CaÃ±url,1,0,0,1,1
Entiendan fÃ©minas BONITOS los putos !!!,1,0,0,0,0
"Putas maricas no los pueden tocar porque ya les quebraron el puto pie, puro pinchÃ© drama",1,0,0,0,0
@RubenCharvel El maricÃ³n es el tal chineo!,1,0,0,0,0
"Primero agarro e idiotizÃ³ a los jotos, ahora va con las feministas. Esta hija de puta serÃ¡ una delincuente pero saber llegar al mercado. url",1,0,0,0,0
"@sana_tu_vida El respeto se gana, y mi respeto comienza y termina donde empieza el suyo, pero ademÃ¡s yo no le he faltado el respeto a ud. ni a ningÃºn joto en particular pues yo generalice llamando asÃ­ a todos los que son de culo alegre; perdÃ³n por mi sinceridad. Que pase usted una linda tarde.",1,0,0,0,0
@callodehacha @berthisbonita Se me hace que eres puÃ±al,1,0,0,0,0
"Si fuera mujer, definitivamente serÃ­a url La mujeres son la perfecciÃ³n",0,0,0,0,1
"Puto el que me de unfollow, ahora que deje tw.
FAV.",1,0,0,0,0
JAJAJAJAJA k marica que me bloqueas por wa @esteban_gv97 no aguantas nadağŸ˜‚ğŸ˜‚ğŸ˜‚ğŸ˜‚ğŸ˜‚,1,0,0,0,0
Parezco puto Omi de duelo Xiaolin url,1,0,0,0,1
@fcomovaz biejo joto,1,0,0,0,0
Los policÃ­as y los jotos.,1,0,0,0,0
Maricon! Jajajaja url,1,0,0,0,0
@el_viejopaulino  @DiegoMortera @Jvillarrealn  jajajajajajajaja saliÃ³ llorando el joto cabron jajjj,1,0,0,0,0
@GilGarza11 te vez bien joto como siempre jajajaja!,1,0,0,0,0
"ES : Kirk Cameron: â€œDios odia a los gays, van a ir al infiernoâ€ Â - Yo no escogÃ­ ser heterosexual pero todos esosâ€¦ url",1,0,0,0,0
"#LoMÃ¡sLeÃ­dodeLaI Â» EnvÃ­an a ""Las Machorras"" al Cereso url",0,1,0,0,0
"Desde cuando puto se hizo sinÃ³nimo de gay, joto, puÃ±etas, marica, bombillo, manocaida? No sean hipÃ³critas @FIFAcom puto es puto y ya.",1,0,0,0,0
@gallon100 @peponrsk @paliplax @DAVIDRINCONGZ Que chingue su madre el puÃ±al chivista del pali,1,0,0,0,0
"â€”PapÃ¡ Â¿A quÃ© hijo quieres mÃ¡s?

â€”Son mis hijos, a los dos los quiero por igual.

â€”Pero somos tres.

â€”SÃ­, pero el maricÃ³n no cuenta.",1,0,0,0,0
"MaÃ±ana podrÃ¡n salir todos! ya que no habrÃ¡ delincuentes! todos estaran crudos o borrachos, porque gano su equipo de maricas",1,0,0,0,0
"@jimenice Capitan America es un marica, que cambio a Tony por su amigo asesino",1,0,0,0,0
"Si se va a vestir de puta como todos los aÃ±os en halloween por lo menos en este aÃ±o si PÃ“NGANSE DESODORANTE, luego anda bien HEDIONDA CON su suspensorio y arnÃ©s imitaciÃ³n piel todo sudado, lleno de meco de desconocido. RESPETO",1,0,0,0,1
"Me reeemputa que dejen jugar mujeres trans en torneos femeniles, como vergas bloqueas a un@ cabron@ de 1.80 que pesa el doble que tÃº y tiene el triple de fuerza",0,0,0,1,0
Puto url,1,0,0,0,0
"@caballonegro Por mi estÃ¡ OK que lo seÃ±alen. Es solo el hombres, mujeres Y TRANS que me da aaaaaaaaaa",0,0,0,1,0
Como cuando te maquillas un chingo para dejar de verte como una mujer fea y entonces te ves como un travesti feo. url,0,0,0,1,0
@mrAndresPuentes por que salio libre el puto ??,1,0,0,0,0
"@Anahi ERES UN ASCO DE PERSONA. Ya que eres la muÃ±equita del homosexual pendejo ese, mÃ­nimo haz algo por el estado que te alimenta. Â¡ZORRA!",1,0,0,0,0
"Muy buenos y triunfadores de clÃ¡sicos y excelente inicio de semana tengan todos ustedes, menos a los que se quejan a DDHH, a esos no por maricas y LyLurl",1,0,0,0,0
@ElMexParienton Ya ves puros chistes de jotos q onda,1,0,0,0,0
@MarthaaZapata obesa y machorrita,0,1,0,0,0
Che marica url,1,0,0,0,0
@July46918263 Eh no mames tampoco soy joto,1,0,0,0,0
@Vrds05 @jorgenavarro94 @sergiomj18 TrÃ­o de jotos,1,0,0,0,0
"Estos maricas le echan mix de michelada a sus cervezas. Bueno, comprando pura cerveza culera, ha de ser normal.",1,0,0,0,0
"@soymaestramiel Me escriben vieja gacha indios pata rajadas y lesbiana vieja loca, comes pollito muerta de hambre en Youtube",0,1,0,0,0
"Cabron de nombre Raro diciendo ser mi camarada y haciendo pendejadas al Actual Galan de una Ex Mutua
Puto, RÃFATE SOLO PUÃ‘AL
NI TE CONOZCO ğŸ˜¡",1,0,0,0,0
@abrahamendieta Otra jota liosa de derecha,1,0,0,0,0
"@LeonKrauze @chemamtzmtz ConclusiÃ³n: los Krause tienen miedo de perder el chayote en el prÃ³ximo sexenio, y como se que no me va a contestar por quÃ© no soy digno de Preciado tiempo , sin llorar mariquita",1,0,0,0,0
El trompudo infeliz Tromp. a todos los Mexicanos nos tieneğŸ˜  enfadado pues que le debemos a este pendejo racista ocicon y pendejo idiota joto,1,0,0,0,0
@Ayrton_Victorio A huevo mi puto!!! ğŸ˜‚ğŸ˜‚ğŸ˜‚,1,0,0,0,0
@GloriaTrevi @EmilyCMtrevi perros ladren gloria  es gloria puntitos jotos,1,0,0,0,0
@DavidPechSosa porque siempre me insultas :( .. MARICON! .I. No veniste a casa de h u.u,1,0,0,0,0
Weey pero esque pinche gays y lesbianas dan un mal ejemplo ğŸ™„ url,1,1,0,0,0
"100% de los hombres: ""eh we. Eres bien marihuano verdad cabron, te vez bien pinche lil pump""
75% de las mujeres: ""hay te vez super lindo, y niÃ±o bueno""
15% de las mujeres: ""vi gÃ¼erito de ojo de color y dije 'ha de ser bien pinche puto' ""

Siempre, SIEMPRE",1,0,0,0,0
AcabÃ© una temporada de RuPaul's Drag Race en 2 dÃ­as. No regrets.,0,0,0,0,1
"Ese Pinche Joto Igual Se Ve Horrendo Con Los Filtros de vato o Vurl Mejor Que Siga De Puta Posteando Fotos En Calzones Viajando Por El Mundo, Puta Jeta Quasimodo",1,0,0,0,0
"Esos que le cargan la bolsa a sus mujeres, tambiÃ©n mean sentados?

Pinches jotos",1,0,0,0,0
"@lalo_looney Ps harto chisme con la lechugona esa, que ya sacÃ³ el cobre y q pura mamada eso d q era chida",0,1,0,0,0
"Estaba viendo el vÃ­deo de como se encontraron Edson y SÃ¡nchez y en los comentarios un aficionado comento que falta uno nuestro mismÃ­simo Haret, no falto el wilo maricon que dice que es un tronco y malÃ­simo ğŸ˜‚ğŸ¤£
#DiablosTwitteros url",1,0,0,0,0
"No sean maricas, cuando ustedes redactan spoilers o los comparten si les da mucha risa. Ahora todos quieren llorar por spoilers de Star Wars",1,0,0,0,0
Ahora ya sÃ© porque odio tanto a mi url Le va a AmÃ©rica el mariquita este. ğŸ™„,1,0,0,0,0
@_RomiRodriguez jajaja marica? De verdad crees que soy marica? Jajaja,1,0,0,0,0
@bizbiriije @10APG @TigresOficial @gracieve @bizbiriije @10APG @TigresOficial  otro jotito rayado enamorado que quiere que le contesten jaja,1,0,0,0,0
Como me ultra cagan las comadres (chavo gay y amiga gorda) que vienen al gym a hacerse PENDEJAS!!!!!! nadamas ocupan aparatos y pesas a lo estÃºpido porque nisiquiera hacen bien el ejercicio y se la pasan hable y hable. Y se ponen solitos sus ejercicios hdsptm,1,0,0,0,0
@mauritrevino_ pinche joto,1,0,0,0,0
@lalogc4 esa foto de portada que ?? Jajajajajj che transformer feo eww,0,0,0,1,0
"Pinche notÃ³ maricon, vente hacer lÃ­o a otro lado ğŸ˜‚",1,0,0,0,0
@ClubAmerica Excelente vamos contodo maÃ±ana a ganar el #ClasicoNacional y a callarles el hocico de perras con cuernos a los maricones de chivas,1,0,0,0,0
HabrÃ¡ homosexuales que no se sientan @rihanna y que piensen algÃºn dÃ­a en ser serios horita pronto?! Seguimos en la busqueda,1,0,0,0,0
"@benemeritosGC fanaticos y mariquitas es lo que son todos ustedes y ademÃ¡s son capaces, seguro, de organizar un golpe. Vigilar a estos enfermizos:@policia @guardiacivil @zoidoJI",1,0,0,0,0
"@BeatrizGMuller Como siempre asnos maricas en primera fila, hasta parece que su frustraciÃ³n viene de familia. Y como siempre la seÃ±ora en buen talante dando lo que a otros les molesta un consejo.",1,0,0,0,0
@OficialFrenaaa en vez de sumar dividen al paÃ­s de un pendejo como su lÃ­der esquizofrÃ©nico y puto por k anda con sus pinches guaruras pero el dÃ­a que te vea te parto tu madre cabrÃ³n y bÃºscame tu solito puto,1,0,0,0,0
"El mismo concepto, si un travesti puede cambiar de gÃ©nero, entonces Ã©l tiene el derecho de cambiar de edad url",0,0,0,1,0
"- Oye Â¿ya les dijiste a tus padres que eres homosexual?  -No, pero ya me inscribÃ­ en la facultad de comunicaciÃ³n.",1,1,0,0,0
@Diegoteodia pinche joto jajajajajaja,1,0,0,0,0
"@ayElJuann Jajajajaja puto descarado, borracho y maÃ±a influencia ğŸ˜‚ (de nuevo porque lo escribÃ­ mal ggggg)",1,0,0,0,1
"@DrPetacas parece una drag queen; chula, pero drag al fin. Pobres de mis paisanos ğŸ˜’",0,0,0,1,1
@Jackskinripper @CCancunenses No eres mÃ¡s joto por que no eres mÃ¡s alto. Tremendo putoÂ¡,1,0,0,0,0
"""Ni de mamada aceptarÃ­a el hÃ­gado del pendejo de mi hijo el potrillo""

Vicente no podemos decir eso.

Ok entonces ""RechacÃ© el transplante porque quÃ© tal quÃ© es de un homosexual o un drogadicto""",1,0,0,0,0
ğŸ¤£ğŸ¤£ğŸ¤£ğŸ¤£ğŸ¤£ğŸ¤£ğŸ¤£ğŸ¤£ğŸ¤£ğŸ¤£ğŸ¤£ğŸ¤£ğŸ¤£ğŸ¤£ğŸ¤£ğŸ¤£ğŸ¤£ğŸ¤£ğŸ¤£ğŸ¤£ğŸ¤£ vaya puÃ±urlğŸ¤£ğŸ¤£ğŸ¤£ğŸ¤£ğŸ¤£ğŸ¤£ğŸ¤£ğŸ¤£ğŸ¤£ url,1,0,0,0,1
Ustedes no quieren a nadie. No se hagan jotos. Porque cuando les llega alguien. AhÃ­ estÃ¡n cargÃ¡ndola!!!,1,0,0,0,0
@DDDoubleTrouble Â¿Cuando van a subir vÃ­deo? par de maricones ğŸ˜‡,1,0,0,0,0
"@edith_gdI jajaja no sufras. No pasa nada, el punto es una prenda. Hay chicas que les encanta travestirse de hombres (se llaman lesbianas)",0,1,0,1,0
@rturrent @HellDevice @SergioSarmiento Que inmoral es este joto,1,0,0,0,0
"Son unos abusivos, pero con los delincuentes se portan como mariquitas. url",1,0,0,0,0
"Me caga sentir tanto por alguien,me caga el solo echo de sentir,me siento tan marica.",1,0,0,0,0
Adivinen quien maricas me dejaron sola viendo Anabell por quÃ© les dio miedo ğŸ˜¶  si mis hermanos ğŸ¤­ğŸ¥º,1,0,0,0,0
Buenos dias Js Closeteras y Obvias ya es Diciembre deseo de corazÃ³n que se vayan a la berga este dia y mes ğŸ–•ğŸ»,1,0,0,0,0
Se verÃ¡ muy joto el baking? ğŸ˜‚,1,0,0,0,0
@JavierAquino7 chinga tu madre puto,1,0,0,0,0
"AMIGAS SOLTERONAS: Mejor den gracias a mi tocayÃ­n San Antonio porque no les ha dado un novio falso, panzÃ³n, borracho, closetero y pinche feo",1,0,0,0,0
"@ChicovelAlcocer @SergioSarmiento Preguntarle mejor al maricÃ³n de Miguel Ãngel Mancera, el la tÃ©rmino.",1,0,0,0,0
Veracru tierra de mayates y de hermosas mujeres url,1,0,0,0,0
"Wey, quien en su sano juicio dedica como ""canciÃ³n de amor"" I'll never love de Gaga. Js, es una canciÃ³n de despedida no una canciÃ³n romÃ¡ntica para dedicar a tu pareja actual.
Ni para eso sirven maricones. url",1,0,0,0,0
"HUELE A JOTO (@ Playa de los Muertos in Puerto Vallarta, Jalisco) url",1,0,0,0,0
@entron82 Â¿Putito te refieres a mi?,1,0,0,0,0
@Lexpedraza si pero en puÃ±al,1,0,0,0,0
"- Algo peor que un Americanista MaricÃ³n???ğŸ˜‰
- Un Tigre que se cree grande!!!

Jajajajaja",1,0,0,0,0
"ESTA MACHORRA  NO SABE QUE EL ÃšNICO PAYASO ES BROZO...

Y ELLOS, SON SU BROZA...!!

... url",0,1,0,0,0
"Que video tan mÃ¡s sincero del puto ese de @ESCORPIONGOLDEN  url mÃ¡s gente como tÃº, en el 2016 por favor!!!",1,0,0,0,1
@rgilzuarth @CarlosJoaquin Ahora si verdad mariquitas y la seguridad de los ciudadanos cuando la vas a reforzar,1,0,0,0,0
Como me caga CR7. Es un jugador Ãºnico. Pero toda su excelencia se opaca por toda la estupidez que hace. Es un maricÃ³n.,1,0,0,0,0
"@jwanpi @SanCadilla @BocaJrsOficial Me hace falta beber contigo. Hoy coincido mucho, la neta sÃ­ es de maricas.",1,0,0,0,0
@Enrique_Loopez Nmms aguante 2 Maricon!!! ğŸ˜‚,1,0,0,0,0
"@luisa_2105  jajaja, es que las lesbianas me dan miedo :(",0,1,0,0,0
@bluue18 @emigamuza Alguien no quiere pagar algo!? QUE PINCHE MARICA.,1,0,0,0,0
@cafrealvolante PuÃ±al,1,0,0,0,0
Estaban unos vatos gays enfrente de mi y de besaron bien cabron que hasta me sentÃ­ violado,1,0,0,0,0
"Ya cortate el pelo, gay! @ Mexicali, Baja California url",1,0,0,0,0
"@ABCNoticiasMX Tengo amigos Gays y hasta ellos mismos reprueban andar besÃ¡ndose enfrente de la gente ,dicen que si piden respeto deben de dar respeto ,y no los veo quejandose por eso,",1,0,0,0,0
Me da mucha risa cuando las lenchas se creen un chingo cuando en realidad nadie las pela #ridÃ­culas,0,1,0,0,0
@Regia_Alexandra @Bere543210 Maricas Neoleoneses.. asÃ­ como su Goberladron.. de a Apandejados.. url,1,0,0,0,0
Â¿Y si los tierraplanistas viven en un espacio polidimensional donde la tierra SI es plana? Â¿Y si son personas no-euclidianas? Â¿Y SI LA CIRCUMFERENCIA ES IDENTITARIA Y ELLOS SON TRANS-PLANOS? url,0,0,0,0,1
"Hombres:
Voy a mirarla a los ojos para que crea que le pongo atenciÃ³n.

Mujeres:
Â¿SerÃ¡ que es marica? Â¿Por quÃ© no me mira las tetas?",1,0,0,0,0
Veo un Madrid como el de costumbre: Puerco y maricÃ³n.,1,0,0,0,0
"@notasingleducks y para que nunca se te olvide, 10 champions, reyes de europa, sigue mandando fotos de tu pito, pinche joto.",1,0,0,0,0
Ã“rale no que muchos huevos cabron. SaliÃ³ bien puÃ±al este guey url,1,0,0,0,0
Â¿CÃ³mo quÃ© hay mujeres trans lesbianas? Â¿Para que se hizo trans si va a ser lesbiana? No tiene lÃ³gica.,0,1,0,1,0
"@elpadrejesus_ No entiendo x que si dios hizo hombre mujer, ahora dan tanta publicidad a lod gays es un mal ejemplo a los ninos se me hace una degeneracion el que nace asi se acepta, pero ahora todos son que triste",1,0,0,0,0
"@EPN   En Rusia va a ver InfiltraciÃ³n Homosexual mujer con mujer, violaran a las monjas, enseÃ±ando a los niÃ±os y jÃ³venes a tomar armas.",0,1,0,0,0
#EsTiempoDe que ya mandes un mensaje al grupo mariquita @MauHCorona,1,0,0,0,0
Como que Ãºltimamente ando muy intolerante a la mirada lasciva de los pinches jotos #ARomperHocicos,1,0,0,0,0
"Ya no le puedes decir negro a un negro. 

Con el debido respeto y porque me caen a toda madre los homosexuales o putos cÃ³mo les llamamos.

Los negros de hoy en dÃ­a son mÃ¡s putos que los putos.

Chinguen a su madre!!!",1,0,0,0,0
"@AgentNa1 @BaksLive @OsNoCa @SimnTolomeo2 @DonPorfifirio Ay si, Â¿CÃ³mo ven? Che llorÃ³n bolonero, jamÃ¡s ando pidiendo chichi, maricÃ³n.",1,0,0,0,0
"Si vas directo al grano se ofenden, si es conversaciÃ³n normal te url nada les parece (y por la forma en responder es una travesti loca) ğŸ¤” url",0,0,0,1,0
Esto se va a descontroooolooooooooooooolaaaaaaaaaaaar @aaronramsey  llÃ©vate al joto de Mario Bautista plis,1,0,0,0,0
@m_ebrard @GobiernoMX Todos los que conforman la ONU son putos jotos y url,1,0,0,0,0
"A donde vas a estas horas, hijo? â€”Al table mamÃ¡. â€”Â¡A mi no me haces pendeja! Â¡VAS AL CONCIERTO DE JUSTIN BIEBER, MARICÃ“N!",1,0,0,0,0
@alfonsineb @Mauriziosann @josealemano @Oscar_Dorantes @Jeglemqz @pablorubenv @kapeyo @linea_caliente Pero ponchito para ser politicus primero evita la parranda y el baile gay  ok es mala url url,1,0,0,0,0
@REFORMACOM maricon de mierda!!! @EPN,1,0,0,0,0
Un joto mas feo que otro,1,0,0,0,0
"â€”Â¿Alguna pregunta?
â€”Profe Â¿Si un transexual protagoniza un video viral, es Lord o Lady? 
â€”De la clase, pendejo. 
â€”Ah no, ninguna.",0,0,0,1,0
"Vas al GYM. haces pesas, Sientes que tus brazos son los de @TheRock vez al espejo y un pendejo tomÃ¡ndose fotos pal' feis #selfie  #maricas",1,0,0,0,0
Maricon de mierda,1,0,0,0,0
Cuando tenga una obra contratarÃ© albaÃ±iles negras lesbianas porque #EquidadDeGenero e #Incluyente. ğŸ‘ŒğŸ¾,0,1,0,0,0
@CarlosLoret par de maricones,1,0,0,0,0
@EvySoto SÃ­ la costeÃ±a tiene chile es #transgenero jajajajjajjaaja,0,0,0,1,0
Mariquita url,1,0,0,0,0
@soy_Vsantillan No chille jota,1,0,0,0,0
Me enamorÃ© de una url ğŸ¶â¤,0,0,0,0,1
@iamfernandabec Oi nomas! En mariquita escandalosa,1,0,0,0,0
Â¿QuÃ© onda con las amigas de mi hermana que tienen 13 aÃ±os y dicen que son bisexuales? O seaaaa,0,0,1,0,0
"Ya no conozco a nadie en el pueblo, para salir, solo mi mejor amigo y el marica ya sÃ© fue a dormir!!! Eso me obliga a beber solo ğŸ˜¥",1,0,0,0,0
Para conocimiento de pendejos y pendejos El facebook es para homosexuales inexistentes tienen algo que decirme putongo o putonga ven para que te despedaze la madre o hombre no un pendejo sin abstinencia animal genÃ©tica no guardÃ³ silencio me molesto el comentario ven trapa o trapo,1,0,0,1,0
@EDER_INFO7 @CFCorrecaminos @EstadioMRG Que pinches maricones!!,1,0,0,0,0
"@TosscoMayor @Jackskinripper Se me hace que entre los 2 se quieren coger a @AlejandroMay11, par de Mayates.",1,0,0,0,0
"Eres mega puto!!! Turbo, ultra come sables.  url",1,0,0,0,0
Ahora si apuesta maricon @turko_dager  tu MilÃ¡n volverÃ¡ a llorar en octavos jajaja,1,0,0,0,0
Rarito negro idiota,1,0,0,0,1
porque eres tan pinche mandilon joto,1,0,0,0,0
"@carlosjuarez22 @TMFCoficial @ClubSantos Para mi que @deciodemaria y @Irarragorri son mayates por eso a todo le dice que si, me causan asco",1,0,0,0,0
"@Fernanfloo eres un guevon y maricon que no haces lo que te dije
juega otro nivel que no sea online en geometry dash y si lo vez ya te dije",1,0,0,0,0
@FulanitOArteaga o sea que es un wey quÃ© le gusta recibir y que no es obvio o afeminado. QuÃ© eso no lo sabes tÃº maricÃ³n?,1,0,0,0,0
"""Dan asco las lesbianas xD"" -@MarijoPolanco",0,1,0,0,0
@Betitodiaz1 y sÃ­ es travesti? Jajajajaja broma,0,0,0,1,0
"@prettyinpunk27 entonces sÃ­, no seas mariquita.  #YOLO",1,0,0,0,0
"@sergiolzslp @merry_barrales ahi vas de joto a ponerte aretes y pulseras, no te digo, si nomas buscas oportunidad jajaja",1,0,0,0,0
Pepe es jotoâœŠ,1,0,0,0,0
@LaloRincn1 q gay te viste,1,0,0,0,0
@cperaza @aletzbravo como tu no puedes MARICON,1,0,0,0,0
@niriams Ahora resulta ke ser lesbiana es un orgullo ğŸ˜‚ğŸ˜‚ğŸ˜‚ğŸ˜‚ğŸ˜‚ no mamen. Ke la lleven a un  exorcismo.,0,1,0,0,0
"3 de cada 10 hombres son gays, 4 de los 7 restantes son mayates y los 3 Ãºltimos se les podrÃ­a llamar hombres. 
Que le esta pasando al mundo?",1,0,0,0,0
La marica loca quiere bailar,1,0,0,0,0
"AÃ±o 2008: quÃ© chica mÃ¡s guapa, ojalÃ¡ estÃ© soltera.

AÃ±o 2017: quÃ© guapa, ojalÃ¡ no sea feminista, transgÃ©nero,  bisexual, lesbiana, pansexual",0,1,1,1,1
Y ahora todas las jotitas nuevas van a vomitar de elogios a la Gaga. Sorry pero no es Jessica Lange #GoldenGlobes,1,0,0,0,0
Los maricos que se sienten orgullosos de ser heteronormados y que desprecian a los afeminados son de la misma calaÃ±a que los negros que no salen con negros mÃ¡s oscuros porque los creen inferiores.,1,0,0,0,0
"@youaremycheese eres bien puto. No aguantas nada, maÃ±aana habrÃ¡ mezcal y del chido de Oaxaca.",1,0,0,0,0
@aIex_doe @pinchebigjuan @TigresOficial @TheHomeDepotMx @dulcegmontoya Jajaja que joto!,1,0,0,0,0
"@LaSantiagoo Jajaja pos no lo tengo, mariquita. Te llamarÃ­a para decirte ""gay"" o algo asÃ­, despuÃ©s colgarÃ­a.",1,0,0,0,0
@xjaguayo @ChumelTorres Jajajajajaja solo contesta los que le calan el closetero del chumel jajajaja,1,0,0,0,0
"AcÃ¡ ando prr0z, y joto el que diga ""Me traes tequila""",1,0,0,0,0
@paconunezz -Dijo el joto,1,0,0,0,0
ToÃ±o es joto,1,0,0,0,0
Chillo como mariquita :(  #TheWalkingDead #twdseason8â€¯â€¯#Twd url,1,0,0,0,0
@Tadeo0R no no !!! Esq la marica de @Eolarra  saliÃ³ con sus cosas a la mera hora y ya no pude hacerte invitaciÃ³n ! #tQhija,1,0,0,0,0
"â€-Hijo, Â¿de dÃ³nde vienes tan sudado? -Estaba jugando fÃºtbol, papÃ¡. -Â¡Â¿CREES QUE SOY PENDEJO?! Â¡ESTABAS EN TU CLASE DE ZUMBA, PINCHE MARICÃ“N!",1,0,0,0,0
@albornoz_mx @Javier_Corral En mi tierra se les dice â€œjotoâ€ sin animo de ofender a la comunidad LGBT,1,0,0,0,0
@_kareen_21 Parece joto JAJAJAJAJA,1,0,0,0,0
@JoseBuendiaMx @EscribaPersonal Por supuesto que son venganzas de este homosexual reprimido.,1,0,0,0,0
@AztecaPuebla tienen que prudrirse en l carsel x estafador y corrupto pinche mariquita,1,0,0,0,0
Se paso de url y putito. url,1,0,0,0,0
"#GanÃ³DelMazo es NETA!? JAJAJAJAJA PATÃ‰TICOS PRIISTAS DE MIERDA NO VA A GANAR ESA JOTA DE CLOSET!
#NoMasPRI",1,1,0,0,0
Para que hacer corajes no vale la pena hay mejores cosas que ver en la tele tengo cable y yo viendo pendejadas de  gays etccğŸ˜ğŸ‘#MeEnamoroSi,1,0,0,0,0
"Hoy le dije a mi maestro que matara una cucaracha y no quiso, asÃ­ de simple se hizo loco y no seÃ±ores no la mato porque #Marica",1,0,0,0,0
La gente ya quiere que todo sea joto jaja se maman.,1,0,0,0,0
@andreaurriza fue @ManceraMiguelMX y sus amigos jotos,1,0,0,0,0
"Eso es lo mismo que decir: aquel que santifica la fiesta no estÃ¡ pecando y adentro de la casa tienen orgias y todo el pedo, no url Alguien que nace hombre o mujer en esencia siempre lo serÃ¡, aquel que se enamora de un trans es gay a huevo, closetero pero lo es. url",0,0,0,1,0
"@AristeguiOnline Si no le creen a la lesbiana Ã©sta, chequense a el MENSIAS, claro ejemplo del tema",0,1,0,0,0
"@vmgleza No esperÃ© la respuesta, es una pregunta: Sabes como le dicen a los Gays ...""Palomitas con chile""",1,0,0,0,0
Algo bueno que nos pongan a la Guardia Nacional en cada rincÃ³n del paÃ­s es que por fin mÃ¡s maricones podrÃ¡n cumplir su fantasÃ­a de coger con un militar ğŸ’…ğŸ½,1,0,0,0,0
"Yo no meterÃ­a al bote a la Loca, sino al hijueputa juez que lo dejÃ³ en libertad hace un mes.",1,0,0,0,1
"Amigos que te dejan en la peda, no son amigos, y de una ves chinguen a su madre, pinches putos.",1,0,0,0,0
"@Tovar32651838 no habÃ­a visto tu foto de perfil, AJAJAJAJAJ k gay",1,0,0,0,0
"@CapiSpeaking travesti  es un vato con vestido, transexual vato con chichis, transgÃ©nero, vato sin pilin",0,0,0,1,0
@ExatlonMx que marica te escuchaste Pato eso es de cobardes,1,0,0,0,0
â€œPutos hombres we quÃ© bueno que no eres jotoâ€,1,0,0,0,0
"@Juan_Karlos_36 @BauzaOficial @nadiferpineda @Marlon_RamirezM @AriannaAngelesA @iraismj @CarlosRugerioM Recuerda que los allegados y compadres,amantes,mayates, y todo influyente con la actual administraciÃ³n lo puede hacer. Menos la gente.",1,0,0,0,0
"@peperuiloba Â¿Por quÃ© lo dices? Van a ChÃ¡pala, comen lonches Gemma y hay gay closeteros.",1,0,0,0,0
Â¡Queeeeeee pinches tigres maricones!,1,0,0,0,0
@Adan_Coromoto @NicolasMaduro Par de maricones!!!,1,0,0,0,0
Saquen a ese marica y que salga @qotsa,1,0,0,0,0
"@jenarovillamil @JJRENDON joto, joto rendÃ³n, fuera de MÃ©xico RT",1,0,0,0,0
@jeetchiapas Jajajajajajaja puto,1,0,0,0,0
Por puto url,1,0,0,0,0
Weeee tipo cuando llega el joto que le pegaste en semanas pasadas y se sienta a lado de tu mesa!!! url,1,0,0,0,0
@RicardoBSalinas Ese gilberto lozano es el clÃ¡sico PUTO reprimido que como no lo atienden se pone de neuras serÃ¡ que esta en la andropausia?? Tan viejo joto y chillÃ³n jajaja,1,0,0,0,0
"Pinches lenchas descaradas besÃ¡ndose en la vÃ­a pÃºblica.
ğŸ˜¡

Me pusieron cachondo.
ğŸ˜³",0,1,0,0,0
Jaja hay un vato hembra en mi carrera en la tarde que parece transexual. Dice que es mujer pero trae  paquete,0,0,0,1,0
"@nullkir Nononono, la ley trans cÃ³digo penal 2017 dice que te los quedas.. pero en forma de aretes",0,0,0,1,1
"@manunisima NO SE COMO SUCEDIÃ“ ESO. LA LESBIANA LOCA ESA DE TU EDIFICIO SEGURO

/cc @soylakikis",0,1,0,0,0
Quien no entiende el sarcasmo cuando le toca es marica,1,0,0,0,0
"Me quise ligar a una chava ayer y no me pelo, le pregunte si era lesbiana y me dio una cachetada #LaCulpaesdeGaby @gabyplatas",0,1,0,0,0
"@michohansen @Odin_Dupeyron ""EstÃ¡ muy gay tu ""Lago de@los Cisnes"", Tchaikovski, Â¿no tienes algo mÃ¡s hetero por ahÃ­?"" ğŸ§",1,0,0,0,0
"@prispalomares Â¿Ha intentado apagar, y luego volver a encender a su lesbiana?

url",0,1,0,0,0
@joseimagallanes El joto Magallanes ğŸ—£ï¸ğŸ—£ï¸,1,0,0,0,0
@Edsondelagarza no lo habÃ­a visto marica mayor jajaja,1,0,0,0,0
Te tengo a un lado y no te lo digo por marica jajaja /:,1,0,0,0,0
"Si Oswaldo SÃ¡nchez es nefasto, verlo berrear me genera nÃ¡usea!!! #marica",1,0,0,0,0
"Vamos pecho frÃ­o, no alcanzan las palabras, donde estÃ¡ la grandeza que presumes como hinchada? @Rayados vergÃ¼enza Nacional maricones!",1,0,0,0,0
@TSnGirls @brittanya187187 @Travel4TG @GirlyShemales @SEXYBEAST742 @SexyTgirls69 @ShemalePRO @mytsvideo @ShemaleLusty @Ts_Lolita @NenasTransCom @b_tranny2 @trannylovee @tgirl69love @blacktgirltube @TsCamStars @brazil_trans @blacktgirlsinfo @godivatgirls Hermosa,0,0,0,0,1
"@arr1910 AdemÃ¡s era homosexual, pero eso ya no importa, con el hecho de que sea amlovers se le condona cualquier otro defecto.",1,0,0,0,0
@Snakenoe25 @nerazzuro maciones del pinche url Aizen GAY!!!,1,0,0,0,0
@LpezVergara2 @el_mas_callado url tambiÃ©n hay mucho travesti y trans ğŸ™„,0,0,0,1,0
@asiesmonterrey @ZeusXolDTj @_vicman @PonchoDeNigris no salio domador jotito de poncho no doma ni mayate que trae,1,0,0,0,0
"@lopezdoriga Maldito maricon , vergÃ¼enza de la naturaleza humana",1,0,0,0,0
@PopperDelRey @Ketchuy lÃ¡stima que los maricas estos ya borraron sus comentarios. Han de estar arrepentidos o asustados,1,0,0,0,0
De que me sirve tener amigos gays si no me sirven para consejos de moda ğŸ™„ @betunatun_ @dada_88 #badgayfriends,1,0,0,0,0
@i_MarilynMonroe lo que pasa es que marimacha. Porque Ã©l otro se hizo joto,1,1,0,0,0
Como son bien maricas y se duermen temprano. ğŸ˜”,1,0,0,0,0
"@pabluix1123 Ahhh ademas de chairo, mdejo y mayate ??? Si reÃºnes mucho, eh ???",1,0,0,0,0
"No son los primeros que me lo dicen, pero no soy joto, me maman las vaginas!url, yo las mamo &lt;3

-el poeta antes conocido como Van.",1,0,0,0,0
@iyaroboxander JAJAJA Ni el odio de dios combinado al tuyo le quitarÃ¡ lo travesti que se ve Jared.,0,0,0,1,0
"@aurelionuno A ti lo que menos te importa es la niÃ±ez mexicana, los utilizas para escudar tus mezquinos intereses, pinche mayate.",1,0,0,0,0
@aleg0mez me cago de risa el twit de joto el que se dio cuenta que no tenÃ­a la corona hahaha,1,0,0,0,0
"â€”Profe Â¿QuÃ© es la homofobia?
â€”CÃ¡llese maricÃ³n. 
â€”Oiga profe, respete a mi compaÃ±ero
â€”Uy, llegÃ³ su novio a defenderlo. BESO!! BESO!! BESO!!",1,0,0,0,0
Puto maricon!!! #RayadosNoSaleCampeon,1,0,0,0,0
@juliandlg11 Aplican el 69 o que? Ches jotos,1,0,0,0,0
â€œ@SandyTok_tv: 1hra de GYM y 1 hra de crossfit juntas no es de dios cansadisima vdd inche @beyafaby eres mariquita jaja nenitaâ€tu eres gay,1,0,0,0,0
"Mariquita, mariquita como Radio siempre iioras.",1,0,0,0,0
@Juan_MHM No seas joto,1,0,0,0,0
"@MiguelHerreraDT / espere que aceptes la ayuda del Ã¡rbitro, maricon, pendejo",1,0,0,0,0
@pakechii Fuera a @mauricioclarkmx sin gay..,1,0,0,0,0
"""En este mundo todos somos brutos, unos mÃ¡s hombres y otros mÃ¡s putos"" #ElCallejÃ³nDeLosMilagros #FelizMiÃ©rcoles url",1,0,0,0,0
"SubeteAMiMoto 
No porque soy jotÃ³
Y me puedo caeeeer
#Remixfist url",1,0,0,0,1
Cuando los amigos jotos de tu novio te quieren matar con la mirada.,1,0,0,0,0
No se la cogiÃ³ porque tenÃ­a 19 maldito marica!,1,0,0,0,0
@LaMuxeVIP @Ventaneandouno @ElCabaretito @EnvyGDL Pues el ENVY te apuesto hubiera matado por url Que lastima que te escudes en un perfil falso para tirar tanta mierda siempre maricon!,1,0,0,0,0
"A poco se acabaron las prostitutas y maricones en televisa,que tienen que sacar esta mamada otra vez? #BigBrother",1,0,0,0,0
@rubikbrain cuando te cases puto url,1,0,0,0,0
jaja che maricÃ³n ntpsdv url,1,0,0,0,0
Aguantense pinches maricas pechos frios ğŸ˜‚,1,0,0,0,0
@BrendaPlancarte Jajajajajaja puto wilo,1,0,0,0,1
@artusantillanes Dile a medrano q no se joto y hable mal de su mugre empresa y vendan al equipo !!!,1,0,0,0,0
"En este establecimiento no se discrimina aunque sean prietos, gordas, jotos, nacas, pobres, Ã±oÃ±os, putas, licenciados, etc. Primero la paz.",1,0,0,0,0
"Que es mÃ¡s joto, escribir en fb tus cualidades como saber cocinar, ser fiel y buena pareja o subir una foto tuya volteando hacia otro lado?",1,0,0,0,0
"Espero que aguante por lo menos 15 dias, y que no salga con que  lo suplanta el primo de un amigo, o el jotito alzarraki, loretito, o url, amen brozo,  o  jorge ramos, ciro, o url ver si levantan audiencia con  rifas de url url",1,0,0,0,0
Siempre que alguien dice pansexual me imagino una dona toda cachonda jajaja ğŸ©ğŸ†,0,0,0,0,1
"Cc tu crush de la primaria te habla como si fueran los mejores amigos del mundo, jajaja JOTO!!! ya ni me acordaba de tu existencia, no mms.",1,0,0,0,0
@javierbaez_ Es un castigo por tanto joto que hay en CDMX.,1,0,0,0,0
@Aliss_one si. Es una costumbre social que no vivimos. Aunque he conocido a chicas trans que cargan tampones para esconderse LOL. RidÃ­culas.,0,0,0,1,0
@RusoZamogilny Antes les decÃ­an la Margaritas del Atlas hoy son LAS MARIQUITAS LIMOSNA PUNTOS!!!,1,0,0,0,0
@danieladurannb Mmmm pues se pasÃ³ de mariquita,1,0,0,0,0
"Me retracto.
Suena marica pero no estÃ¡ mal este material de #InFlames. url",1,0,0,0,0
Porque el marica no llorÃ³ igual o peor cuando el Farca lo eliminÃ³ el aÃ±o pasado??? @VozMadridista url,1,0,0,0,0
@Foro_TV Y mÃ¡s si los priistas devuelven todo lo que se robaron empezando por la rata mayor epn y el joto de Mancera,1,0,0,0,0
@SabeMono estaba rimando contigo puÃ±al,1,0,0,0,0
@jportti @Unchicomas13 @laurabozzo jaja que maricon!,1,0,0,0,0
"@fernandaO17 @SergioEsquerra @marvinfiscal @LCoanaBe No te preocupes yo no atiendo gays ni lesbianas, es muy conocido que no simpatizo con esa comunidad y prefiero no atender asuntos ni tener ese tipo de clientes, exponiendo a mis colegas o a mi a ser ""chuleados"" por personas que no saben respetar al otro.
Buenos dÃ­as.",1,1,0,0,0
@XxxAbsolut @HalconNegroJR @damiandgc @fragsalitalent Lo peor es que debes de ser un pinche joto horrible que se escuda tras una cuenta sin foto de tan culero que estas. Minimo se me disumula la gordura con la faja pero  a ti lo muerto de hambre y ardido nunca se te va a quitar. ğŸ˜˜,1,0,0,0,0
@Tavaresmaxima los de las chivas son jotos ponga molotov la de puto para todos los chivas,1,0,0,0,0
@laloespana Mariquita sin calzones!,1,0,0,0,0
Y hombres trans al baÃ±o de mujeres. url,0,0,0,1,0
"TÃ­pico no le contestas un DM y dejan de seguirte, que mariquita âœŠ",1,0,0,0,0
"@ChumelTorres Un gay de closet, un travesti y un viejo ridÃ­culo que hablan porque tienen boca.",1,0,0,1,0
"Porque van a trabajar a una oficina con una cangurera? Aparte de verse maricones van a hacer ejercicio?
No mamen pinches nacos",1,0,0,0,0
@Dr_Sombrerudo @Yoshertramos Jajajajajaja y porque un nombre de travesti??? yoshert ya lo tenÃ­a tampoco cuenta,0,0,0,1,0
@alf_avila_ @jrisco @penileyramirez De mi parte avila chingas a tu puta madre me gustas para puton y ojete,1,0,0,0,0
@CxavezE @altazor08 Se acalambra el putito ğŸ¤·ğŸ½â€â™‚ï¸ğŸ¤·ğŸ½â€â™‚ï¸ğŸ¤·ğŸ½â€â™‚ï¸,1,0,0,0,0
"Psst, solo les quiero spoilerear la platica que estoy organizando (idea de @shaflores) para #CPMX7: Ciencia Trans. url",0,0,0,0,1
@navirri8 @DemonCerda @MARIOHDZRUIZ ps no somos jotos pero mejor vamos al cine que les parece??,1,0,0,0,1
"Alguien es bien nena, mariquita y flojo y ademÃ¡s no quiere aceptarlo.",1,0,0,0,0
